time,VOUT
0,0.9019011462338438
9.999999999999999e-12,0.9019011462311612
1.185227003566126e-11,0.901692051315706
1.555681010698377e-11,0.9015591617955218
1.845270633781913e-11,0.901456420079184
2.223439387830015e-11,0.9013266836731216
2.885835495499147e-11,0.9011099184797075
3.878242598169251e-11,0.9008010621516449
4.816515816167735e-11,0.9005154664530783
5.775022146467999e-11,0.9002173384146238
6.78030747876959e-11,0.8998843761454512
7.852056898621017e-11,0.8994936807561369
9.058818784804446e-11,0.8989979986430849
1.050159750686949e-10,0.8983202195228744
1.237103648964677e-10,0.8973109799062127
1.448084273860796e-10,0.8960287029323851
1.622951084709548e-10,0.8948835372146366
1.796129297418572e-10,0.8937065726333667
1.982723994916285e-10,0.8924177149110626
2.185989283524506e-10,0.8910079561295338
2.43423335345216e-10,0.8892851250608875
2.683177214466803e-10,0.8875478619992725
2.914412519702618e-10,0.885913957090823
3.159409814800232e-10,0.8841516886489135
3.451443931115122e-10,0.8820062724116875
3.938481126827563e-10,0.8783473045247654
4.420486266126684e-10,0.8746667396915292
4.930083854609416e-10,0.8707421514329101
5.541633053695359e-10,0.8660030934424906
6.204539977890128e-10,0.8608366012711113
6.919168188823188e-10,0.8552455859551312
7.993705561566706e-10,0.8468351432959859
9.419076102663329e-10,0.8357207736539668
1.054654982299034e-09,0.8269813311968462
1.16039000345165e-09,0.818836677400073
1.271955836284291e-09,0.810304044525216
1.40308845451543e-09,0.8003690141272243
1.619205739042984e-09,0.7843020162687192
1.838954015347657e-09,0.7685558226384425
2.0611720552332e-09,0.753577104783443
2.278967356034976e-09,0.7402727398944128
2.479013884474859e-09,0.7297397009696546
2.665455534148105e-09,0.7218521094877702
2.843794328786037e-09,0.7164884705499829
3.019035755548109e-09,0.713690356616576
3.1967634593817e-09,0.7136981435884392
3.384486566993814e-09,0.7170901965988246
3.559322467474825e-09,0.723493248775786
3.720890102650527e-09,0.7321743843290293
3.872534994785957e-09,0.7426232302691563
4.022237390542134e-09,0.7549321986750143
4.179031520756929e-09,0.769664074542973
4.349715091016839e-09,0.7874162727207834
4.510432008623132e-09,0.8053159105266683
4.663347784911012e-09,0.8229707361504784
4.812044968484457e-09,0.8403007771264004
4.958296563342874e-09,0.8571051599088992
5.104525048807143e-09,0.8732927716893323
5.252904893377744e-09,0.8887369647372962
5.405933670275504e-09,0.9033010158300303
5.567232281090139e-09,0.9168567571814988
5.725030693994022e-09,0.9281288741237043
5.871070582243895e-09,0.9366995486422659
6.012764717323772e-09,0.9432615617729849
6.155775902123703e-09,0.948135684418168
6.305275666462145e-09,0.9513910513389529
6.468174149310494e-09,0.9528757088505514
6.653868813565382e-09,0.9520834504854606
6.885086721687686e-09,0.9477025730719161
7.115589560755192e-09,0.9400073724467579
7.331583885917561e-09,0.9302503752484735
7.534891486629144e-09,0.9193144381217274
7.724401021049441e-09,0.9080853356265189
7.902394207202738e-09,0.8971020894619782
8.072353325809026e-09,0.8866642141146017
8.237629128549863e-09,0.8769710311112744
8.401892607112228e-09,0.8681574510225205
8.569445200519261e-09,0.8603412850194224
8.746211240069141e-09,0.8536583923900227
8.927027856303005e-09,0.8486547706551323
9.097588855404204e-09,0.8456757799700957
9.267429552478375e-09,0.8443303594401111
9.444047351010032e-09,0.8445030614549035
9.628412772847559e-09,0.8461762332470963
9.827058326393414e-09,0.849390805175362
1.001e-08,0.8533792541967294
1.002114996763423e-08,0.8541728491377277
1.003301196550484e-08,0.854840938279977
1.004724692160723e-08,0.8556008394005484
1.006451615554575e-08,0.8564747544461357
1.007961545456726e-08,0.85721096985451
1.009420216433303e-08,0.8579100379850223
1.011002720417732e-08,0.8586659943799974
1.0128075590731e-08,0.8595350710213341
1.015015517674193e-08,0.8606182223830696
1.017941515180162e-08,0.862097945942896
1.022591872201654e-08,0.8645657543721181
1.029586504360483e-08,0.8685428969207892
1.03547305708503e-08,0.8721167204098661
1.041755711568408e-08,0.8761218117112135
1.048994371009597e-08,0.8809125656241981
1.057608456731354e-08,0.8867377704911347
1.068564784898477e-08,0.8941106650815667
1.080720019264752e-08,0.9019497904968268
1.093454129152591e-08,0.9095027970393915
1.105092617308285e-08,0.9156544429596062
1.116262922456547e-08,0.9208001412348269
1.127850160629261e-08,0.9253187147175238
1.140678522162942e-08,0.9293515384561569
1.156025366275947e-08,0.932881928012177
1.173857084608629e-08,0.9353108607133976
1.193364097438757e-08,0.9360635007016103
1.214832237753125e-08,0.9348366313020906
1.238116657384793e-08,0.9314484332697639
1.260702496639844e-08,0.9265557783057132
1.282140428573488e-08,0.9208943361624636
1.30280462001444e-08,0.9149265037007078
1.323031196699814e-08,0.9089940562035137
1.343294141196881e-08,0.9033191605671443
1.364146306471608e-08,0.898079301150055
1.386296964548062e-08,0.893454208592992
1.410659501708088e-08,0.8896928284030771
1.434474877875916e-08,0.8874269916194745
1.458725566474142e-08,0.8865007486810598
1.484586326340258e-08,0.8868692938380521
1.511498176358257e-08,0.8884495249370383
1.540369421670169e-08,0.8910994366678552
1.568120882978687e-08,0.8941854692232529
1.595657434443948e-08,0.8974036215527508
1.623830783698548e-08,0.9005265900619047
1.653421848002876e-08,0.9033346687227749
1.685793400609972e-08,0.905620151702818
1.722016553223063e-08,0.9070750481930687
1.758876936771663e-08,0.9074040638850669
1.79757454082334e-08,0.906720927438423
1.838449276080703e-08,0.9052412100485899
1.878336107861472e-08,0.9034662675662786
1.91698163857569e-08,0.901795994965127
1.956887576381664e-08,0.900414486589237
2.000694661712416e-08,0.8994934961874071
2.049717625237665e-08,0.8992286340916134
2.101187836594435e-08,0.8996423046555757
2.156813244733351e-08,0.9005276582862767
2.212223112777327e-08,0.9014817411894593
2.267393096828856e-08,0.9022114969868362
2.328217598385032e-08,0.9025904536315041
2.399230945882377e-08,0.9025096953412997
2.476300631126736e-08,0.9020655047645468
2.558405321625785e-08,0.9015626186355896
2.639076497156109e-08,0.9012826799157551
2.733249662883178e-08,0.9012815577194105
2.842380125472847e-08,0.9015065493874598
2.968039705228481e-08,0.9017292548017906
3.093518990059174e-08,0.901770968699149
3.256674274545134e-08,0.9016701076151401
3.453425213138518e-08,0.9015794080263781
3.662853737868897e-08,0.9015856308484795
3.952357288145852e-08,0.9016218067865882
4.317999946188812e-08,0.9016193123019531
4.850771295533571e-08,0.9016014979645383
5.713387352538147e-08,0.9015936748209109
7.127052711890869e-08,0.9015854009803933
8.261230803932949e-08,0.901580001079796
9.456390526734475e-08,0.9015763278013946
1.092031487990927e-07,0.9015735015321863
1.265945756764421e-07,0.9015715637349176
1.479125258648651e-07,0.9015703601890396
1.754919128943376e-07,0.9015697535808315
2.130674356810463e-07,0.9015695956559426
2.624602436125449e-07,0.9015697027032572
3.316711518768002e-07,0.9015698762604062
4.316711518768002e-07,0.9015699950994774
5.316711518768002e-07,0.9015700242645982
6.316711518768002e-07,0.9015700232818784
7.316711518768002e-07,0.9015700172547886
8.316711518768002e-07,0.9015700127767606
9.316711518768002e-07,0.9015700103328059
1.0316711518768e-06,0.9015700092083775
1.1316711518768e-06,0.9015700087749446
1.1858405759384e-06,0.9015700087062939
1.24001e-06,0.901570008686679
1.240019765625e-06,0.9020450150270252
1.240034963987823e-06,0.9025211731923287
1.240054856131907e-06,0.9030622069993516
1.240072929875852e-06,0.903493916705203
1.24008761395045e-06,0.9038183373883404
1.24010256768737e-06,0.9041371633918507
1.240118990059021e-06,0.9044845271190082
1.240138407903491e-06,0.9049015338714167
1.240163315491623e-06,0.9054570060848636
1.240199189856098e-06,0.9063104318654626
1.240262956938948e-06,0.9079991973842646
1.24032051129759e-06,0.9097101508064425
1.240378903494813e-06,0.9116134374971444
1.240445759903745e-06,0.9139681776952032
1.240524813216219e-06,0.9169301881673195
1.240622398504855e-06,0.9207230292168281
1.240740874711576e-06,0.9253072084523655
1.240874108630633e-06,0.930155980700191
1.241016115806802e-06,0.9347147020020889
1.241141068314935e-06,0.9380854905384755
1.241262588379754e-06,0.9407425168180031
1.241390701313299e-06,0.9428866984129373
1.241535534450108e-06,0.944553521695951
1.241716562729745e-06,0.9456374677137938
1.241928913443257e-06,0.9457103409750078
1.242169933366854e-06,0.9445352320400062
1.242416136783503e-06,0.9423027786854262
1.242664734042485e-06,0.9393614351746132
1.242914529303669e-06,0.9360833040202697
1.243166277141864e-06,0.9328056118886892
1.243425133372149e-06,0.9297801851836489
1.24370026639582e-06,0.9272153854322464
1.24400802811464e-06,0.9253367732000581
1.244319746300079e-06,0.9245538679307538
1.244646907596621e-06,0.9248627659224486
1.245000967823989e-06,0.9262838659134259
1.245378531237823e-06,0.9287172302917817
1.245765026761469e-06,0.931831330061881
1.246154017460838e-06,0.9352847913473498
1.246565893364051e-06,0.9390322072055085
1.24702960284836e-06,0.9431944001343423
1.247545365255194e-06,0.9477754076718955
1.248081193476742e-06,0.9527691075840247
1.248654254196804e-06,0.9589664121172539
1.249145621357664e-06,0.9656241329768287
1.249577077839248e-06,0.9730658548578313
1.249793538919624e-06,0.9775376203168094
1.25001e-06,0.9826250949203609
1.250022622532717e-06,0.982372868806934
1.250035617623351e-06,0.9822838328197834
1.250051304830016e-06,0.9822046659086031
1.250070399975772e-06,0.9821113135866263
1.250084858392395e-06,0.9820189212902943
1.250099394092692e-06,0.981890334132006
1.250116064595314e-06,0.9816891687918028
1.250138354398099e-06,0.9813338640976482
1.250174251237001e-06,0.9806064847796503
1.250202959589464e-06,0.9799283855306664
1.250234108556086e-06,0.9791304032405056
1.250281162720624e-06,0.9778316997073787
1.250327072472237e-06,0.976459340961741
1.250369079279131e-06,0.9751148220043195
1.250419280301249e-06,0.9734114217672973
1.250501543587874e-06,0.9704667620669812
1.250594992791642e-06,0.967008933620781
1.250688649275147e-06,0.9635399180373632
1.250789945029106e-06,0.9598990386565444
1.25090496910528e-06,0.9560120470607809
1.251023523112354e-06,0.9523439922978761
1.251144364044718e-06,0.9489729863016862
1.251273719841562e-06,0.9457480818027661
1.251423440271663e-06,0.9424395374465036
1.251575668590937e-06,0.9394600059207349
1.251742856696515e-06,0.9365525348134489
1.251952506974057e-06,0.9333623829139849
1.25219249525651e-06,0.9302607812877275
1.252491131203813e-06,0.9271157543950872
1.252916837686392e-06,0.9237264748807804
1.253344532872677e-06,0.9212743618638168
1.253758530831275e-06,0.9195314188656228
1.254218073424537e-06,0.9180918769350098
1.254746455564054e-06,0.9168759352803336
1.255365294277525e-06,0.9158466207441953
1.256086945526718e-06,0.9149864673609592
1.256934079342534e-06,0.9142601588910135
1.257855717689615e-06,0.9136775996192974
1.258791152359923e-06,0.9132198754981895
1.259785926785601e-06,0.9128248531050408
1.26087609330321e-06,0.9124626327054399
1.262106695838244e-06,0.9121136030820032
1.263544523164142e-06,0.9117610872618177
1.265285792003445e-06,0.9113890776840921
1.267481130684594e-06,0.910977539458575
1.270399943830829e-06,0.9104929249802385
1.274385019599088e-06,0.9098965630168189
1.279967339047425e-06,0.9091222414671349
1.288547125856562e-06,0.9079842347574242
1.296475648878972e-06,0.9069483774559747
1.304847760022368e-06,0.905857497758553
1.308828024846413e-06,0.9053387271734932
1.316788554494504e-06,0.9043005051749291
1.324814941507095e-06,0.9032526182306011
1.333556622414807e-06,0.902109973715674
1.342258853370588e-06,0.9009711563288043
1.346609968848479e-06,0.9004013274622288
1.35531219980426e-06,0.8992614585759937
1.363671644726014e-06,0.8981677266975298
1.372784905323829e-06,0.8969819769849975
1.381864762890359e-06,0.8958239842454923
1.391592249273868e-06,0.8946762184954051
1.396049714367444e-06,0.894234695305534
1.404964644554596e-06,0.893833708010494
1.407296416961255e-06,0.8939248269102156
1.411959961774573e-06,0.8945458312587188
1.417975974056295e-06,0.8963698167713752
1.424424078737335e-06,0.8990858088090636
1.429790887002568e-06,0.9010314573271307
1.43404776015551e-06,0.902009919810661
1.438439943753133e-06,0.9025377834728955
1.444714343926931e-06,0.9028155143578134
1.450143749759433e-06,0.902838263828827
1.456000500619078e-06,0.9027826333540843
1.462926052088195e-06,0.902686319156046
1.472329759992923e-06,0.9025477782842548
1.487698770498995e-06,0.902339510393117
1.501885606453825e-06,0.9021713133564311
1.517464578885647e-06,0.9020258944318511
1.536681731276143e-06,0.9019124456271181
1.560341230944711e-06,0.9018569987916295
1.591908195884096e-06,0.9018581328387704
1.630344584110257e-06,0.901886733302384
1.684171620234888e-06,0.9019066452232464
1.766265094434551e-06,0.9019064568112442
1.866265094434551e-06,0.9019014238636309
1.966265094434551e-06,0.9019005515884881
2.066265094434551e-06,0.9019010206986007
2.166265094434551e-06,0.9019012196348475
2.266265094434551e-06,0.9019012014959206
2.366265094434551e-06,0.9019011726816768
2.433137547217275e-06,0.9019011692525973
2.50001e-06,0.9019011712147498
2.5000490625e-06,0.9003368367549728
2.500092383788275e-06,0.8985579902212071
2.500115299831934e-06,0.897464046017001
2.500138764137017e-06,0.8961971621397047
2.500164021691696e-06,0.8946746726238097
2.50019930932017e-06,0.8923546808272037
2.500227176903382e-06,0.8904262852640711
2.500256716925083e-06,0.8883400219019225
2.500304825218866e-06,0.8848949181570005
2.500340802405347e-06,0.8822752930710643
2.500373361941451e-06,0.8798653413227444
2.500410247382735e-06,0.8770895885309336
2.500461470890238e-06,0.8731751230755134
2.500541988058712e-06,0.8669487258370138
2.500622599885005e-06,0.8606689511135663
2.500710254740684e-06,0.8538155085005891
2.50080771287819e-06,0.8461905725341368
2.500931159933266e-06,0.8365609541688409
2.501064515231949e-06,0.8262219001601452
2.501187643351818e-06,0.8167477126964239
2.50131877857552e-06,0.8067457701513412
2.501478168221901e-06,0.7947411846670149
2.501738101636189e-06,0.7757035015945066
2.502004088590623e-06,0.7573402742222535
2.502241446015718e-06,0.7424785178622455
2.502456709306984e-06,0.7308497561624755
2.502650418963746e-06,0.722436178182986
2.502830864707853e-06,0.7168202114869765
2.503006126960203e-06,0.7138245746283943
2.503182961356513e-06,0.7136044891028903
2.503369409397925e-06,0.7166979888478064
2.503556969221061e-06,0.7233933605047521
2.50372946854603e-06,0.7327028224166533
2.50389257871794e-06,0.7441399002529314
2.504051242782325e-06,0.7574858580725427
2.504213435160116e-06,0.773059736270379
2.504382300141983e-06,0.7909062377126589
2.504541109883631e-06,0.8087567254340052
2.504692813996797e-06,0.8263362037491798
2.50484073223551e-06,0.8435578764377627
2.504986767026697e-06,0.860246625989557
2.505133231993437e-06,0.8763002863964549
2.505282298489376e-06,0.8915862255524808
2.505436610597364e-06,0.9059684465060716
2.505600081571699e-06,0.9193159286449412
2.505769935340379e-06,0.9309080592436734
2.505935805411416e-06,0.9398725838160016
2.506098517120336e-06,0.9463717458900388
2.50626496232055e-06,0.9506986562954577
2.506443246210204e-06,0.9528181143412681
2.506644746176523e-06,0.9522537635899333
2.50689066678366e-06,0.9476779241375926
2.507121998043983e-06,0.9399132780535752
2.507338417176189e-06,0.9300926037916545
2.50754194432943e-06,0.9191067608370367
2.507730949828333e-06,0.9078807074844203
2.507908576501837e-06,0.8969045269743102
2.508078280954749e-06,0.8864758731920075
2.508243371169192e-06,0.8767948369029064
2.508407548404168e-06,0.8679940783799942
2.508575110505939e-06,0.860192576292075
2.508752014707514e-06,0.8535273104813489
2.508932454822655e-06,0.8485605523903115
2.509102823356735e-06,0.8456092970491107
2.509272621912802e-06,0.8442878962076025
2.509449372541873e-06,0.8444847836843127
2.509649993502302e-06,0.8463883420599574
2.509829996751151e-06,0.8493691061757175
2.51001e-06,0.8532987677670248
2.510021056771284e-06,0.8540868800220417
2.510032657348627e-06,0.854740655746123
2.510046758402287e-06,0.8554942565211129
2.510063857609346e-06,0.8563604162534119
2.51007893481339e-06,0.8570959317494971
2.510093477653536e-06,0.8577928636821044
2.510109232106383e-06,0.8585450577438118
2.510127171598831e-06,0.8594080886826269
2.510149054905339e-06,0.8604801930392788
2.510177921693403e-06,0.8619374181893558
2.510223130251015e-06,0.8643298547803395
2.510295531727976e-06,0.8684392595215463
2.510354615780941e-06,0.872025854606886
2.510417247405557e-06,0.8760187922512105
2.510489437207933e-06,0.8807973564687431
2.510575194214377e-06,0.8865989474858592
2.510686155446738e-06,0.8940695943053412
2.510807780166151e-06,0.9019166176466008
2.510935062841476e-06,0.9094699724884721
2.511051526420004e-06,0.9156292547478235
2.511163231357893e-06,0.9207781518265382
2.511279119100259e-06,0.9253005544498937
2.511407453228926e-06,0.9293383816320415
2.511561030316689e-06,0.9328747640933499
2.511763333373659e-06,0.9355101875861539
2.511988064418686e-06,0.9359737396188825
2.512236395041291e-06,0.933859807502734
2.512472595717826e-06,0.929743948309013
2.512694470128058e-06,0.9244720853205304
2.512906078657085e-06,0.9186245229004029
2.513110238654492e-06,0.912640835223257
2.513311759253266e-06,0.9067860359961979
2.513515757915691e-06,0.9012554281214552
2.513728054714027e-06,0.896226479312035
2.513956977875999e-06,0.8918871150644347
2.514196867780246e-06,0.8886977899405399
2.514435103764415e-06,0.8869289339079148
2.514682065348332e-06,0.8864685001983708
2.514949472050133e-06,0.8873150409357854
2.515255821813077e-06,0.8895805907899305
2.515539675064836e-06,0.8924935974559003
2.515814755070102e-06,0.895672296530815
2.51609233135883e-06,0.8988805493474037
2.516378421998755e-06,0.9018776350267822
2.516684609254243e-06,0.9044729144234327
2.517028098490769e-06,0.9064345351631634
2.517391318170354e-06,0.9073664709286066
2.517766488879991e-06,0.9072195964687602
2.518173059040511e-06,0.9061055142485993
2.518593158909443e-06,0.9043640614617017
2.518983223375632e-06,0.9026117611410768
2.519372595469919e-06,0.9010635463588453
2.519786851207444e-06,0.8998866877879986
2.520262588724141e-06,0.899260579458214
2.520760581095368e-06,0.8993584591625959
2.521304914926663e-06,0.9000595460964003
2.521885275950885e-06,0.9010653222419024
2.522432216883973e-06,0.9019157448206725
2.523005919553423e-06,0.9024699705270737
2.523683315342011e-06,0.9026063206049454
2.524417688862253e-06,0.9022967908166193
2.525296484709726e-06,0.901737562253927
2.526098215312689e-06,0.9013603365978697
2.526961329258576e-06,0.9012459811011978
2.528017884941084e-06,0.9014057270614152
2.529266235055275e-06,0.9016662657949999
2.530477684334465e-06,0.9017746526841907
2.531931096416327e-06,0.9017177181006198
2.533741943141038e-06,0.9016033806686807
2.535720021727106e-06,0.9015744163503471
2.53834055385834e-06,0.901610459084921
2.542070678136494e-06,0.9016240289725596
2.546352451890367e-06,0.9016071198705168
2.553404082062898e-06,0.9015958711102131
2.565162701714353e-06,0.9015888831454075
2.575307866713556e-06,0.9015831797312421
2.58619317127373e-06,0.9015787505900367
2.599301083967897e-06,0.9015753059288041
2.614630441413252e-06,0.9015727936791038
2.63303190010648e-06,0.9015710976133734
2.656113750244934e-06,0.9015700880273911
2.686358628794666e-06,0.9015696342353582
2.727076336759392e-06,0.9015695799549419
2.781428558429295e-06,0.9015697226087444
2.859574137477751e-06,0.9015698875542657
2.959574137477751e-06,0.9015699727260855
3.059574137477751e-06,0.9015699891958019
3.159574137477751e-06,0.9015699855609565
3.259574137477751e-06,0.9015699798479287
3.359574137477751e-06,0.9015699760603958
3.459574137477751e-06,0.9015699740944023
3.559574137477751e-06,0.9015699732260299
3.65957413747775e-06,0.9015699729103179
3.74001e-06,0.9015699728483063
3.740019765625e-06,0.9020449813110085
3.740034967096543e-06,0.9025212353913489
3.740054859225343e-06,0.9030622634759069
3.740072933068241e-06,0.9034939730125053
3.740087620574204e-06,0.9038184676168939
3.74010257802134e-06,0.9041373709002013
3.740119004926063e-06,0.9044848316102677
3.740138428838702e-06,0.9049019770227036
3.740163345550351e-06,0.9054576774437927
3.740199238861399e-06,0.9063116238584839
3.740263023066977e-06,0.9080010365237673
3.740320583459831e-06,0.9097123722893428
3.740378992458356e-06,0.9116164209345483
3.740445873581167e-06,0.9139722794348606
3.740524962013554e-06,0.9169358523485075
3.740622598857522e-06,0.92073082067503
3.740750589800848e-06,0.9256697971384812
3.740885181534847e-06,0.930529394202176
3.741027804611342e-06,0.9350506840689216
3.741152858195033e-06,0.9383665039031167
3.741274627205206e-06,0.9409707827252909
3.741403659186509e-06,0.9430680455860552
3.74155041361274e-06,0.9446844417212075
3.741736029415996e-06,0.9456974367702309
3.741973386414987e-06,0.945595296807224
3.74221604163614e-06,0.9442010548769844
3.742461896932162e-06,0.9418182181111098
3.742710823400759e-06,0.9387858374958344
3.742960214422881e-06,0.9354914048323925
3.743212623352871e-06,0.9322428421717857
3.743473639336295e-06,0.9292834899763094
3.743753177165178e-06,0.9268218449927588
3.744066399934043e-06,0.9251085965648641
3.744379978695663e-06,0.9245282798157676
3.74471244817771e-06,0.9250456671945274
3.745090876630624e-06,0.9267798842682583
3.745495442912884e-06,0.9295854422994086
3.745881745102122e-06,0.9328196531565818
3.74627512322727e-06,0.9363611628639303
3.746697528956388e-06,0.9402043958096755
3.747184208109186e-06,0.9445545372824848
3.74770626243041e-06,0.9492267935023547
3.748248690569015e-06,0.9544586160563556
3.748792714101472e-06,0.9606937684492505
3.749263618055977e-06,0.9674977888460858
3.749686434648551e-06,0.975269545086371
3.75001e-06,0.9826315752693091
3.750025315567453e-06,0.9823586909464548
3.75004220995498e-06,0.9822477829816373
3.750061547015731e-06,0.982145050447493
3.750076737866643e-06,0.9820569191728291
3.750091577406112e-06,0.9819432431492559
3.750107150182964e-06,0.9817806154162576
3.750125601649881e-06,0.9815245096980791
3.750154153571246e-06,0.9810100895696853
3.750186897110491e-06,0.9802920629785139
3.750216358566453e-06,0.9795669666878561
3.750252051237903e-06,0.9786210113896854
3.750313958685884e-06,0.9768313688859103
3.750357976879099e-06,0.9754466378154666
3.750404035277353e-06,0.9739069817870983
3.750465700873709e-06,0.9717344385833695
3.750561386979646e-06,0.968225331973012
3.750655819260584e-06,0.9647181021446877
3.750754410332862e-06,0.9611278963086393
3.750864601279608e-06,0.957314645081938
3.750983323258298e-06,0.9535227884761758
3.751103024264888e-06,0.9500623531902824
3.751228712264305e-06,0.946806812998315
3.751369757220924e-06,0.943558980796129
3.751520413918788e-06,0.940483678875579
3.751680213604526e-06,0.9375849631309116
3.75187009214849e-06,0.9345452742881005
3.752105010191002e-06,0.9313148731471779
3.752373884484126e-06,0.9282536970830544
3.752738452872847e-06,0.9250044987053585
3.753164851661015e-06,0.9222050617089497
3.753572721538441e-06,0.92024821536579
3.754014429530676e-06,0.9186741099224252
3.754512934673976e-06,0.9173640291917796
3.755091680394236e-06,0.9162585965639992
3.75576663209972e-06,0.9153323866539881
3.756555587008506e-06,0.9145554058023134
3.757490205220977e-06,0.9138885482051572
3.758415685454658e-06,0.9133908407015344
3.759380804059938e-06,0.9129765107219971
3.760428931117054e-06,0.912603882329854
3.761594424981869e-06,0.9122525381872953
3.762939514928488e-06,0.9119034400389116
3.764545983857425e-06,0.9115411514943175
3.766536551632754e-06,0.911148380228426
3.769128429635295e-06,0.9106973992099474
3.772680062041913e-06,0.9101452941676845
3.777499746307799e-06,0.9094590775966438
3.784721549543225e-06,0.9084877465600805
3.794999696921327e-06,0.9071414822380691
3.802687646264862e-06,0.9061398368599277
3.806531620936629e-06,0.905638897953135
3.814219570280164e-06,0.9046364849818245
3.822207659218085e-06,0.9035939792107955
3.830903836572794e-06,0.9024577178769378
3.839609601038399e-06,0.9013188184317016
3.848445361008314e-06,0.9001618035034576
3.852834492896509e-06,0.8995868283770803
3.861612756672898e-06,0.8984376527681784
3.870001210932257e-06,0.8973436024530144
3.873478043648645e-06,0.8968929178909651
3.880431709081419e-06,0.8960035658467594
3.889145668925492e-06,0.894946268874291
3.899911903655152e-06,0.8939586715158844
3.902202178178185e-06,0.8938541140757874
3.90678272722425e-06,0.8938907759837955
3.908572471669394e-06,0.8940278144433529
3.912151960559681e-06,0.8945887345924888
3.917898663425241e-06,0.896369519741094
3.924343375725514e-06,0.8991047807994234
3.929502460154649e-06,0.9009920860317645
3.933693555221466e-06,0.9019775100166023
3.938053291311419e-06,0.9025208162896778
3.944253518977325e-06,0.9028114607337976
3.949653343372785e-06,0.9028405228169508
3.955475782645572e-06,0.902787917462336
3.96232337884185e-06,0.9026936925245316
3.971552138934697e-06,0.9025577417379297
3.986464462987445e-06,0.9023539319657848
4.000428442764073e-06,0.9021856408317861
4.015786202367605e-06,0.9020381792977372
4.034649671834829e-06,0.9019208614818707
4.057781217757308e-06,0.9018599613741608
4.088337448200904e-06,0.901856349145308
4.125920596591933e-06,0.9018840088008659
4.177534243379744e-06,0.9019055968316195
4.255292949040354e-06,0.901906729765101
4.355292949040354e-06,0.9019019615983421
4.455292949040354e-06,0.9019005234998934
4.555292949040353e-06,0.9019009579064048
4.655292949040353e-06,0.9019012103765635
4.755292949040353e-06,0.9019012078096456
4.855292949040353e-06,0.9019011755409746
4.927651474520177e-06,0.9019011695557262
5.00001e-06,0.9019011712230058
5.0000490625e-06,0.9003368365954654
5.000092392714056e-06,0.8985575716284367
5.00011531553216e-06,0.8974632275857
5.000138785072473e-06,0.8961959514633614
5.00016405224461e-06,0.8946727490613962
5.00019934373864e-06,0.8923523531256736
5.00022721782707e-06,0.890423436455052
5.000256772416034e-06,0.8883360937301313
5.000304890156933e-06,0.8848902245214278
5.000340866915804e-06,0.8822705505831631
5.00037343714338e-06,0.8798597265251139
5.000410342677138e-06,0.8770823658952883
5.000461625640017e-06,0.8731632338076891
5.000542089768251e-06,0.8669408211990751
5.00062270022916e-06,0.8606611082678625
5.000710377923987e-06,0.8538058621913925
5.000807866680578e-06,0.8461785453439625
5.000931408662274e-06,0.8365416040143087
5.001064727455165e-06,0.8262055091296909
5.001187854867783e-06,0.8167315033843179
5.001319018806746e-06,0.8067275411909662
5.001478487728813e-06,0.7947173241727937
5.001738483589656e-06,0.7756761775229499
5.002004447995233e-06,0.7573165091570004
5.002241825302929e-06,0.7424563071816649
5.002457056271373e-06,0.730832796887889
5.002650735196421e-06,0.7224243276567452
5.002831164881459e-06,0.7168128896308895
5.00300642254899e-06,0.7138217536116276
5.003183265388883e-06,0.7136066721543004
5.003369738987189e-06,0.7167065561319201
5.003557300671088e-06,0.7234083428640309
5.003729818637656e-06,0.7327246296886037
5.003892952980513e-06,0.7441687960651548
5.004051653097572e-06,0.7575227755507649
5.004213897830967e-06,0.773106344886288
5.004382732465393e-06,0.7909534003508857
5.004541517387511e-06,0.8088032081538901
5.004693207867876e-06,0.8263818929982811
5.004841117435881e-06,0.8436022380203504
5.004987150470833e-06,0.8602894781727485
5.005133619392293e-06,0.8763413185735084
5.005282695816502e-06,0.8916250725195437
5.005437026106071e-06,0.9060047694302505
5.005600527991082e-06,0.9193493639482205
5.005770362038778e-06,0.9309340235804707
5.00593621226343e-06,0.9398915806830095
5.00609892487988e-06,0.9463851271818742
5.006265388663347e-06,0.9507067416613172
5.006443714806274e-06,0.9528203491676885
5.006645293637526e-06,0.9522481680647158
5.006891367804642e-06,0.9476593105723619
5.007122660923862e-06,0.9398869277542664
5.007339038900741e-06,0.9300616544949094
5.007542530717283e-06,0.9190735377014093
5.007731497204959e-06,0.9078476382084106
5.007909094769547e-06,0.8968727317608394
5.008078780449351e-06,0.8864460334685238
5.008243861897978e-06,0.8767674335662508
5.008408041983081e-06,0.8679694586385157
5.008575621398664e-06,0.8601710961172843
5.008752565007251e-06,0.8535094375994917
5.008932957990244e-06,0.8485494299520405
5.00910331004212e-06,0.8456032655241004
5.009273118473725e-06,0.8442862600877672
5.009449909208451e-06,0.8444874639893825
5.009650543768042e-06,0.8463955193761935
5.009830271884021e-06,0.8493743605927205
5.01001e-06,0.8532989372059726
5.010021047305932e-06,0.8540865274707559
5.010032637857721e-06,0.8547397880827936
5.010046728379994e-06,0.8554928993042312
5.010063813656437e-06,0.8563584356135177
5.010078889039714e-06,0.8570939116341408
5.01009342867137e-06,0.8577907092746628
5.010109178326926e-06,0.8585426694144777
5.010127110635424e-06,0.8594053221886019
5.010148980925735e-06,0.860476715392175
5.010177821667314e-06,0.8619324721223577
5.010222946386554e-06,0.8643200491691351
5.010295533023176e-06,0.8684395174533815
5.0103546332494e-06,0.8720270964331808
5.010417252479206e-06,0.876019255983812
5.010489430930754e-06,0.8807970571866057
5.010575165516963e-06,0.8865971222769475
5.01068611090197e-06,0.894066769376339
5.010807733917382e-06,0.9019138721136573
5.010935013347801e-06,0.9094673289342388
5.011051478803471e-06,0.9156270280404638
5.011163183143252e-06,0.92077621571534
5.011279066950468e-06,0.9252988126544355
5.011407393182257e-06,0.9293368121494379
5.011560955451232e-06,0.9328734330521119
5.01176323016718e-06,0.9355094251794546
5.011987949755662e-06,0.9359741016504353
5.012236285729698e-06,0.9338612379192938
5.01247249217958e-06,0.9297460700280523
5.012694372073825e-06,0.9244745717685751
5.012905984957819e-06,0.9186271427696467
5.013110147144273e-06,0.912643449903853
5.013311667791911e-06,0.9067885478360507
5.013515664170495e-06,0.9012577578015775
5.013727955719232e-06,0.896228549754869
5.013956869026388e-06,0.8918888344242963
5.014196762344816e-06,0.8886988454241389
5.014434997592168e-06,0.88692940439213
5.014681953532342e-06,0.8864684166057299
5.014949348181241e-06,0.8873143833408146
5.015255713825331e-06,0.8895796133058755
5.015539573463285e-06,0.8924924760719388
5.01581465397859e-06,0.8956711217611325
5.016092228596845e-06,0.8988794141680186
5.016378313732891e-06,0.9018766066411894
5.016684490942755e-06,0.9044720707772947
5.017027961598302e-06,0.9064339738806065
5.017391179882842e-06,0.9073663345201299
5.017766344216036e-06,0.9072198396399639
5.018172898562142e-06,0.9061060908445974
5.018593017918069e-06,0.90436469209489
5.018983087869153e-06,0.9026123491654205
5.019372455510753e-06,0.9010640336377513
5.019786697665289e-06,0.8998870144811494
5.02026240025109e-06,0.899260676935512
5.020760384164327e-06,0.8993582984613074
5.021304691480032e-06,0.9000591878941924
5.021885079537756e-06,0.9010649831886529
5.022432022264219e-06,0.901915489556159
5.023005704013552e-06,0.9024698406891571
5.023683037598652e-06,0.9026063633149078
5.02441738370844e-06,0.902296971579467
5.02529608319666e-06,0.9017377926544518
5.026097803560847e-06,0.9013604560425371
5.026960847349442e-06,0.9012459660738272
5.028017376204074e-06,0.9014056170603639
5.029265553301567e-06,0.9016661612320047
5.030476957726321e-06,0.9017746425229751
5.031930098037932e-06,0.9017177818590265
5.033740655081425e-06,0.9016034279396422
5.035718650058078e-06,0.9015744061238246
5.038338267568955e-06,0.901610435536254
5.042066783395015e-06,0.9016240377855642
5.046346851403987e-06,0.90160713427215
5.053394397383667e-06,0.9015958780450046
5.065141182787747e-06,0.9015888966527892
5.075281597719028e-06,0.9015831927487301
5.086163484502454e-06,0.901578760645261
5.099265936611624e-06,0.901575313591759
5.114588229713004e-06,0.9015727991392909
5.132980109857301e-06,0.9015711010859626
5.156047501905265e-06,0.9015700898473011
5.186269083686063e-06,0.901569634793053
5.226959719411929e-06,0.9015695797076982
5.281267376518119e-06,0.9015697221148076
5.359329727061584e-06,0.90156988715562
5.459329727061584e-06,0.9015699725907459
5.559329727061584e-06,0.9015699891532891
5.659329727061584e-06,0.9015699855358432
5.759329727061584e-06,0.9015699798194264
5.859329727061583e-06,0.9015699760264121
5.959329727061583e-06,0.9015699740567512
6.059329727061583e-06,0.9015699731864281
6.159329727061583e-06,0.9015699728698204
6.24001e-06,0.9015699728073383
6.240019765625e-06,0.9020449812707317
6.240034967130233e-06,0.9025212363351044
6.24005485926546e-06,0.9030622644481465
6.240072933115694e-06,0.9034939740612166
6.240087620656842e-06,0.9038184693867202
6.24010257814373e-06,0.9041373734836484
6.240119005099178e-06,0.9044848352821312
6.240138429081556e-06,0.9049019823039887
6.240163345902606e-06,0.9054576854810861
6.240199239444456e-06,0.9063116382541917
6.240263023850748e-06,0.9080010585878419
6.240320584316883e-06,0.9097123989645265
6.240378993517722e-06,0.9116164567570335
6.240445874934829e-06,0.9139723285568193
6.240524963780253e-06,0.9169359198349795
6.240622601221208e-06,0.9207309127554054
6.24075059334561e-06,0.925669930117983
6.240885185246745e-06,0.9305295203455763
6.24102780862138e-06,0.9350507998486378
6.241152862351607e-06,0.9383666029133158
6.241274631731364e-06,0.9409708679370529
6.241403664392317e-06,0.9430681172431646
6.241550419990956e-06,0.9446844960038983
6.241736038132846e-06,0.9456974608463159
6.241973396308419e-06,0.9455952650720822
6.242216051619769e-06,0.9442009764011162
6.242461907029339e-06,0.9418181061267685
6.242710833524609e-06,0.9387857073893605
6.242960224584409e-06,0.935491270933964
6.243212633731429e-06,0.9322427153071928
6.243473650235559e-06,0.9292833789555038
6.24375318910814e-06,0.9268217583415644
6.244066412143106e-06,0.9251085522450884
6.244379991954656e-06,0.9245282782460094
6.244712463472548e-06,0.9250457144378663
6.245090895570607e-06,0.9267799947281501
6.245495460319645e-06,0.9295855773693155
6.245881762257009e-06,0.9328198031482413
6.246275141227508e-06,0.9363613262158466
6.246697548738415e-06,0.9402045740003926
6.247184232206189e-06,0.9445547506607631
6.247706288952414e-06,0.9492270355378758
6.248248719552005e-06,0.9544589153131142
6.248792737888537e-06,0.9606940734132794
6.24926363840999e-06,0.9674981210062698
6.249686453588498e-06,0.9752699376404179
6.25001e-06,0.982631575661559
6.250025315159827e-06,0.9823586942671181
6.250042209234871e-06,0.9822477879914605
6.250061545807576e-06,0.9821450593112518
6.250076736664801e-06,0.9820569304612335
6.250091576147576e-06,0.9819432581945275
6.250107148800305e-06,0.9817806358744801
6.250125600013939e-06,0.9815245389554649
6.250154150734709e-06,0.9810101496877059
6.250186895051458e-06,0.9802921144728208
6.250216356430137e-06,0.979567024404601
6.250252048359309e-06,0.9786210935486451
6.250313954475042e-06,0.9768315005006507
6.25035797279649e-06,0.9754467738850424
6.250404030582896e-06,0.9739071462576504
6.250465694343004e-06,0.9717346770657377
6.250561380945458e-06,0.9682255600003875
6.250655813222089e-06,0.9647183294111239
6.250754403697452e-06,0.9611281369072395
6.250864593611619e-06,0.9573149043706655
6.250983315883919e-06,0.95352301570603
6.251103016975332e-06,0.9500625552856818
6.251228704648933e-06,0.9468070013432297
6.251369748541646e-06,0.9435591706752444
6.251520405153274e-06,0.940483849044217
6.251680203772425e-06,0.9375851328115228
6.251870079472129e-06,0.9345454652231849
6.252104997685193e-06,0.9313150317750691
6.252373868810661e-06,0.9282538585583201
6.2527384312359e-06,0.9250046661027421
6.253164830148581e-06,0.9222051816736105
6.25357270093776e-06,0.9202483006979583
6.254014407087268e-06,0.9186741788581269
6.254512908715229e-06,0.9173640876095607
6.255091649807306e-06,0.916258646211812
6.255766596366507e-06,0.9153324281977251
6.256555545038995e-06,0.9145554409300539
6.257490165854794e-06,0.9138885721545881
6.258415645596863e-06,0.9133908596313488
6.259380761179691e-06,0.9129765273630112
6.260428883930817e-06,0.9126038977157799
6.261594371106649e-06,0.9122525532311876
6.262939451477679e-06,0.9119034553834393
6.26454590682325e-06,0.9115411677472058
6.266536454415988e-06,0.9111483982463119
6.269128300379875e-06,0.9106974204533036
6.272679879365978e-06,0.9101453212488891
6.27749948976368e-06,0.9094591129689832
6.284721148305651e-06,0.9084877995927525
6.2949991494117e-06,0.9071415535603359
6.302687257812974e-06,0.9061398873837248
6.306531312013612e-06,0.905638938119858
6.314219420414886e-06,0.9046365044380329
6.322207632404994e-06,0.9035939826271491
6.330904166928256e-06,0.9024576746066999
6.339609931148642e-06,0.9013187751493464
6.34844573803381e-06,0.9001617540470955
6.352834824285599e-06,0.8995867848977623
6.361612996789177e-06,0.8984376212935716
6.370001447539665e-06,0.897343571636308
6.373478296616995e-06,0.8968928851359442
6.380431994771655e-06,0.8960035297483018
6.389145975456387e-06,0.8949462337494445
6.399911980325772e-06,0.8939586666929917
6.402202245323097e-06,0.8938541117216311
6.406782775317747e-06,0.893890778584049
6.408572510073285e-06,0.8940278184878336
6.412151979584361e-06,0.8945887393290255
6.417898677127148e-06,0.8963695269181524
6.424343387129402e-06,0.8991047881078011
6.429502460577007e-06,0.9009920881868092
6.43369355313571e-06,0.9019775108839174
6.438053289828767e-06,0.9025208167638489
6.444253528194487e-06,0.9028114611651777
6.449653353586163e-06,0.9028405228993682
6.455475793769252e-06,0.9027879173586625
6.462323393453258e-06,0.902693692288105
6.471552161308883e-06,0.9025577413582458
6.486464507729225e-06,0.9023539313392794
6.500428497116626e-06,0.9021856402004098
6.515786265744495e-06,0.9020381787518948
6.534649750367355e-06,0.9019208610986884
6.557781318668321e-06,0.9018599612291084
6.588337591393764e-06,0.9018563492141551
6.62592077513917e-06,0.9018840089209065
6.67753451239477e-06,0.9019055968824238
6.755293391614069e-06,0.9019067297412314
6.855293391614069e-06,0.9019019615871994
6.955293391614069e-06,0.9019005235003176
7.055293391614069e-06,0.901900957907916
7.155293391614069e-06,0.9019012103768584
7.255293391614068e-06,0.9019012078095034
7.355293391614068e-06,0.9019011755408922
7.427651695807034e-06,0.901901169555714
7.50001e-06,0.9019011712230016
7.5000490625e-06,0.9003368365955843
7.500092392810107e-06,0.8985575671249362
7.500115315703761e-06,0.8974632186421611
7.500138785300845e-06,0.8961959382560731
7.500164052577207e-06,0.894672728118685
7.500199344113413e-06,0.8923523277762268
7.500227218271998e-06,0.8904234054785646
7.500256773018846e-06,0.8883360510533942
7.500304890862599e-06,0.8848901735127199
7.500340867616112e-06,0.8822704990960625
7.500373437959067e-06,0.8798596656190405
7.500410343710077e-06,0.8770822876015026
7.50046162731949e-06,0.8731631047706778
7.500542090881488e-06,0.8669407346799395
7.500622701328495e-06,0.8606610223450772
7.500710379272255e-06,0.8538057566111265
7.50080786836178e-06,0.8461784138764562
7.50093141137616e-06,0.8365413928856793
7.501064729771832e-06,0.8262053302032043
7.501187857176996e-06,0.8167313264214278
7.501319021429382e-06,0.8067273421856213
7.501478491217195e-06,0.7947170636701446
7.501738487760446e-06,0.7756758791708461
7.502004451923147e-06,0.7573162494564611
7.502241829440472e-06,0.742456064931255
7.502457060054894e-06,0.7308326120014214
7.502650738644927e-06,0.7224241984834809
7.502831168154989e-06,0.7168128098483697
7.503006425772812e-06,0.7138217229209021
7.503183268704996e-06,0.7136066960549879
7.503369742582296e-06,0.7167066496902965
7.50355730428086e-06,0.7234085061490012
7.503729822445683e-06,0.7327248670165001
7.503892957046613e-06,0.7441691101324491
7.504051657551408e-06,0.7575231764206026
7.504213902850493e-06,0.773106850692081
7.504382737155442e-06,0.7909539121165442
7.504541521808439e-06,0.808803712536531
7.504693212141044e-06,0.8263823887691111
7.504841121615141e-06,0.843602719386693
7.504987154631172e-06,0.8602899431583175
7.505133623595625e-06,0.8763417638009415
7.505282700127701e-06,0.8916254940294487
7.505437030614693e-06,0.9060051635413767
7.505600532835381e-06,0.9193497267175454
7.505770366669441e-06,0.930934305294176
7.505936216679058e-06,0.9398917867965864
7.506098929305629e-06,0.9463852723494599
7.506265393291099e-06,0.9507068293407219
7.506443719893061e-06,0.9528203733238526
7.506645299581038e-06,0.9522481071807856
7.50689137541656e-06,0.9476591082674357
7.507122668121732e-06,0.9398866414756235
7.507339045651721e-06,0.9300613183162156
7.507542537084575e-06,0.9190731768653858
7.507731503148712e-06,0.9078472790698788
7.507909100397316e-06,0.8968723864765804
7.508078785873392e-06,0.8864457094335738
7.508243867227004e-06,0.8767671359993497
7.50840804734327e-06,0.8679691913099117
7.508575626947178e-06,0.8601708628933865
7.508752570984249e-06,0.8535092435623154
7.50893296345615e-06,0.8485493092076897
7.509103315329382e-06,0.8456032000740429
7.509273123868779e-06,0.8442862423874286
7.509449915039883e-06,0.8444874942335413
7.509650550650287e-06,0.8463956106966417
7.509830275325143e-06,0.8493744269227728
7.510010000000001e-06,0.8532989389313763
7.510021047188403e-06,0.8540865226544113
7.510032637615103e-06,0.8547397767771271
7.510046728005642e-06,0.8554928818021791
7.510063813108775e-06,0.8563584102816546
7.510078888469392e-06,0.8570938857509041
7.510093428061339e-06,0.8577906816765424
7.510109177657213e-06,0.8585426388521473
7.510127109876186e-06,0.8594052868589594
7.510148980004333e-06,0.8604766711422258
7.510177820423805e-06,0.8619324096345375
7.510222944096703e-06,0.8643199259707561
7.510295533050932e-06,0.8684395201738524
7.510354633482161e-06,0.8720271116429164
7.51041725255858e-06,0.8760192616176565
7.510489430869684e-06,0.880797053456564
7.510575165176486e-06,0.8865970996208038
7.510686110366373e-06,0.8940667345002734
7.51080773335584e-06,0.9019138379582852
7.510935012743259e-06,0.9094672958975406
7.511051478210021e-06,0.9156269995665063
7.511163182535142e-06,0.9207761906006897
7.51127906628997e-06,0.9252987899395084
7.511407392422733e-06,0.9293367917041788
7.511560954511854e-06,0.932873415851466
7.511763228889846e-06,0.9355094153856345
7.51198794833943e-06,0.935974105925631
7.512236284384238e-06,0.9338612555049798
7.512472490909788e-06,0.9297460961776821
7.512694370873842e-06,0.9244746024411341
7.512905983812783e-06,0.9186271751094008
7.51311014602681e-06,0.9126434822060022
7.513311666675269e-06,0.9067885788977624
7.513515663025801e-06,0.9012577866400261
7.513727954509876e-06,0.8962285754126009
7.513956867695603e-06,0.8918888557597233
7.51419676105583e-06,0.8886988585741653
7.514434996293874e-06,0.8869294103163596
7.514681952164071e-06,0.8864684156757252
7.514949346663828e-06,0.88731437530046
7.515255712505232e-06,0.88957960129672
7.515539572223033e-06,0.8924924622716199
7.515814652745301e-06,0.8956711072866362
7.516092227343597e-06,0.898879400168323
7.516378312412267e-06,0.9018765939455888
7.516684489498736e-06,0.9044720603487931
7.517027959925651e-06,0.9064339669253785
7.517391178192488e-06,0.9073663327987657
7.517766342446551e-06,0.9072198426035356
7.518172896596985e-06,0.9061060979321244
7.51859301619433e-06,0.9043646998577031
7.518983086214032e-06,0.9026123564106554
7.519372453801634e-06,0.9010640396482006
7.519786695789733e-06,0.8998870185182712
7.52026239794618e-06,0.8992606781524075
7.520760381754795e-06,0.8993582964973824
7.521304688743396e-06,0.9000591834918616
7.521885077135722e-06,0.9010649790176601
7.522432019885666e-06,0.9019154864126171
7.52300570137889e-06,0.902469839086146
7.5236830342003e-06,0.9026063638334264
7.524417379972345e-06,0.9022969737983676
7.525296078274595e-06,0.9017377954883464
7.52609779851492e-06,0.9013604575135815
7.526960841443113e-06,0.9012459658920545
7.528017369967373e-06,0.9014056157095154
7.529265544936966e-06,0.9016661599457839
7.530476948813783e-06,0.9017746423967949
7.531930085789772e-06,0.9017177826418266
7.533740639273625e-06,0.9016034285209719
7.535718633230638e-06,0.9015744059986255
7.538338239518226e-06,0.901610435246907
7.542066735598748e-06,0.9016240378935558
7.546346782684836e-06,0.9016071344490132
7.553394278548917e-06,0.9015958781301467
7.565140918910201e-06,0.9015888968184593
7.575281275599165e-06,0.9015831929084352
7.586163120464407e-06,0.901578760768631
7.599265505623263e-06,0.9015753136857856
7.614587712117479e-06,0.9015727992062986
7.632979474838449e-06,0.9015711011285881
7.656046689663275e-06,0.9015700898696507
7.686267985914303e-06,0.9015696347999125
7.726958289835968e-06,0.901569579704675
7.781265400819266e-06,0.9015697221087496
7.859326731620894e-06,0.9015698871507259
7.959326731620894e-06,0.9015699725890816
8.059326731620895e-06,0.9015699891527645
8.159326731620896e-06,0.901569985535531
8.259326731620897e-06,0.9015699798190729
8.359326731620897e-06,0.9015699760259922
8.459326731620898e-06,0.9015699740562864
8.559326731620899e-06,0.9015699731859391
8.6593267316209e-06,0.9015699728693201
8.740010000000002e-06,0.9015699728068324
8.740019765625002e-06,0.9020449812702395
8.740034967130599e-06,0.9025212363448658
8.740054859265833e-06,0.9030622644567226
8.740072933116097e-06,0.9034939740699415
8.740087620657657e-06,0.9038184694036092
8.740102578145083e-06,0.9041373735121921
8.740119005100768e-06,0.9044848353157133
8.740138429084462e-06,0.9049019823673251
8.740163345905969e-06,0.9054576855577648
8.740199239451378e-06,0.9063116384248848
8.740263023860393e-06,0.9080010588592299
8.740320584327494e-06,0.909712399294621
8.740378993530253e-06,0.9116164571805349
8.740445874950594e-06,0.9139723291288226
8.740524963800894e-06,0.9169359206232452
8.740622601247821e-06,0.9207309137922016
8.740750593387816e-06,0.9256699317009723
8.740885185290993e-06,0.9305295218486203
8.741027808669116e-06,0.9350508012263345
8.741152862400892e-06,0.9383666040870077
8.74127463178467e-06,0.9409708689405798
8.741403664453338e-06,0.943068118083208
8.741550420065471e-06,0.9446844966382147
8.741736038234261e-06,0.9456974611265512
8.741973396423566e-06,0.9455952647027636
8.742216051735993e-06,0.9442009754875432
8.742461907146867e-06,0.9418181048232733
8.742710833642452e-06,0.9387857058748434
8.742960224702696e-06,0.9354912693752148
8.743212633852238e-06,0.9322427138303626
8.743473650362425e-06,0.9292833776631224
8.743753189247163e-06,0.9268217573328018
8.744066412284681e-06,0.9251085517310812
8.744379992107788e-06,0.9245282782279002
8.744712463648597e-06,0.925045714981962
8.745090895788273e-06,0.9267799959982301
8.745495460519534e-06,0.9295855789212457
8.745881762453989e-06,0.9328198048714085
8.74627514143419e-06,0.9363613280923083
8.746697548965606e-06,0.9402045760474732
8.747184232482927e-06,0.9445547531116226
8.747706289255957e-06,0.9492270383081048
8.748248719882788e-06,0.9544589187286114
8.748792738159798e-06,0.9606940768911014
8.749263638642107e-06,0.9674981247943628
8.749686453804529e-06,0.9752699421180312
8.750010000000002e-06,0.9826315756661023
8.750025315155145e-06,0.9823586943050854
8.750042209226583e-06,0.9822477880487654
8.75006154579368e-06,0.9821450594128028
8.750076736650938e-06,0.9820569305913223
8.750091576133061e-06,0.9819432583677234
8.750107148784192e-06,0.981780636112201
8.75012559999513e-06,0.981524539291474
8.750154150701126e-06,0.9810101503978033
8.750186895025973e-06,0.9802921151064228
8.750216356403732e-06,0.9795670251143209
8.75025204832378e-06,0.9786210945593643
8.750313954422971e-06,0.9768315021248256
8.750357972745775e-06,0.9754467755716401
8.750404030524566e-06,0.9739071482972811
8.750465694261851e-06,0.9717346800253139
8.750561380870449e-06,0.9682255628311648
8.750655813147045e-06,0.9647183322319972
8.750754403615006e-06,0.9611281398935162
8.75086459351637e-06,0.9573149075885578
8.750983315791794e-06,0.9535230185418868
8.751103016883913e-06,0.9500625578176214
8.751228704552925e-06,0.9468070037153749
8.751369748431613e-06,0.9435591730803479
8.751520405042106e-06,0.9404838512004693
8.751680203647781e-06,0.9375851349607642
8.751870079311681e-06,0.9345454676382982
8.752104997525465e-06,0.9313150337995596
8.752373868610589e-06,0.9282538606182813
8.752738430960627e-06,0.9250046682314806
8.753164829874953e-06,0.9222051831988333
8.753572700675758e-06,0.9202483017827439
8.754014406801789e-06,0.9186741797346326
8.754512908385019e-06,0.9173640883524276
8.7550916494183e-06,0.9162586468430994
8.755766595912077e-06,0.9153324287259657
8.756555544505197e-06,0.9145554413767727
8.757490165354118e-06,0.9138885724591681
8.758415645089927e-06,0.91339085987211
8.759380760634307e-06,0.9129765275746703
8.760428883330698e-06,0.9126038979114771
8.761594370421472e-06,0.9122525534225404
8.762939450670741e-06,0.911903455578596
8.764545905843575e-06,0.9115411679539194
8.766536453179718e-06,0.9111483984754701
8.769128298736236e-06,0.9106974207234697
8.772679877043044e-06,0.9101453215932853
8.777499486501511e-06,0.9094591134188061
8.784721143203545e-06,0.9084878002671495
8.794999142448424e-06,0.9071415544674578
8.802687250364415e-06,0.9061398883526209
8.80653130432241e-06,0.9056389391203558
8.814219412238399e-06,0.9046365055024763
8.822207624139542e-06,0.9035939837043611
8.830904158561806e-06,0.902457675698483
8.839609922839981e-06,0.9013187762348134
8.848445729655809e-06,0.900161755142417
8.852834817326029e-06,0.8995867858073101
8.861612992666469e-06,0.8984376218307303
8.870001443535875e-06,0.8973435721545967
8.8734782922281e-06,0.8968928857010348
8.880431989612552e-06,0.8960035303969844
8.889145969907591e-06,0.8949462343823192
8.899911978898243e-06,0.8939586667809408
8.902202244060699e-06,0.8938541117647554
8.90678277438561e-06,0.8938907785349611
8.908572509317138e-06,0.8940278184110592
8.912151979180196e-06,0.89458873923612
8.917898676822618e-06,0.8963695267764219
8.924343386869342e-06,0.8991047879638193
8.929502460528109e-06,0.9009920881431008
8.933693553134541e-06,0.9019775108658897
8.938053289814615e-06,0.9025208167540267
8.944253527966656e-06,0.9028114611565609
8.949653353337727e-06,0.9028405228978327
8.955475793501662e-06,0.902787917360888
8.962323393114383e-06,0.9026936922930138
8.971552160811435e-06,0.9025577413660612
8.986464506776666e-06,0.9023539313520994
9.000428495967543e-06,0.9021856402133236
9.015786264410438e-06,0.9020381787630579
9.034649748723319e-06,0.9019208611065218
9.057781316566478e-06,0.9018599612320722
9.088337588426958e-06,0.9018563492127476
9.125920771448872e-06,0.901884008918453
9.177534506853766e-06,0.9019055968813868
9.25529338252474e-06,0.9019067297417208
9.35529338252474e-06,0.9019019615874275
9.455293382524741e-06,0.9019005235003067
9.555293382524742e-06,0.9019009579078864
9.655293382524742e-06,0.901901210376854
9.755293382524743e-06,0.9019012078095069
9.855293382524744e-06,0.9019011755408944
9.927646691262372e-06,0.9019011695558219
1e-05,0.9019011712229217
