"PSR_VDD (Temp=0,VREF_PSR=0.05) X","PSR_VDD (Temp=0,VREF_PSR=0.05) Y","PSR_VDD (Temp=0,VREF_PSR=0.25) X","PSR_VDD (Temp=0,VREF_PSR=0.25) Y","PSR_VDD (Temp=0,VREF_PSR=0.45) X","PSR_VDD (Temp=0,VREF_PSR=0.45) Y","PSR_VDD (Temp=0,VREF_PSR=0.65) X","PSR_VDD (Temp=0,VREF_PSR=0.65) Y","PSR_VDD (Temp=0,VREF_PSR=0.85) X","PSR_VDD (Temp=0,VREF_PSR=0.85) Y","PSR_VDD (Temp=27,VREF_PSR=0.05) X","PSR_VDD (Temp=27,VREF_PSR=0.05) Y","PSR_VDD (Temp=27,VREF_PSR=0.25) X","PSR_VDD (Temp=27,VREF_PSR=0.25) Y","PSR_VDD (Temp=27,VREF_PSR=0.45) X","PSR_VDD (Temp=27,VREF_PSR=0.45) Y","PSR_VDD (Temp=27,VREF_PSR=0.65) X","PSR_VDD (Temp=27,VREF_PSR=0.65) Y","PSR_VDD (Temp=27,VREF_PSR=0.85) X","PSR_VDD (Temp=27,VREF_PSR=0.85) Y","PSR_VDD (Temp=125,VREF_PSR=0.05) X","PSR_VDD (Temp=125,VREF_PSR=0.05) Y","PSR_VDD (Temp=125,VREF_PSR=0.25) X","PSR_VDD (Temp=125,VREF_PSR=0.25) Y","PSR_VDD (Temp=125,VREF_PSR=0.45) X","PSR_VDD (Temp=125,VREF_PSR=0.45) Y","PSR_VDD (Temp=125,VREF_PSR=0.65) X","PSR_VDD (Temp=125,VREF_PSR=0.65) Y","PSR_VDD (Temp=125,VREF_PSR=0.85) X","PSR_VDD (Temp=125,VREF_PSR=0.85) Y","PSR_VDD (Temp=-55,VREF_PSR=0.05) X","PSR_VDD (Temp=-55,VREF_PSR=0.05) Y","PSR_VDD (Temp=-55,VREF_PSR=0.25) X","PSR_VDD (Temp=-55,VREF_PSR=0.25) Y","PSR_VDD (Temp=-55,VREF_PSR=0.45) X","PSR_VDD (Temp=-55,VREF_PSR=0.45) Y","PSR_VDD (Temp=-55,VREF_PSR=0.65) X","PSR_VDD (Temp=-55,VREF_PSR=0.65) Y","PSR_VDD (Temp=-55,VREF_PSR=0.85) X","PSR_VDD (Temp=-55,VREF_PSR=0.85) Y","PSR_VDD (Temp=-100,VREF_PSR=0.05) X","PSR_VDD (Temp=-100,VREF_PSR=0.05) Y","PSR_VDD (Temp=-100,VREF_PSR=0.25) X","PSR_VDD (Temp=-100,VREF_PSR=0.25) Y","PSR_VDD (Temp=-100,VREF_PSR=0.45) X","PSR_VDD (Temp=-100,VREF_PSR=0.45) Y","PSR_VDD (Temp=-100,VREF_PSR=0.65) X","PSR_VDD (Temp=-100,VREF_PSR=0.65) Y","PSR_VDD (Temp=-100,VREF_PSR=0.85) X","PSR_VDD (Temp=-100,VREF_PSR=0.85) Y"
1,-68.25915166735278,1,-57.20951369493785,1,-59.27838924890926,1,-61.42490443212866,1,-58.09096227128143,1,-61.64398495874279,1,-54.34230008957628,1,-56.453215495839,1,-58.70734521682881,1,-55.41086292557108,1,-43.96096165645803,1,-44.87938617918455,1,-46.89068370887178,1,-49.11048950106549,1,-45.34022293524449,1,-54.75872259034642,1,-62.45818361792737,1,-64.21077905071625,1,-65.70634544335425,1,-61.09931534546671,1,-46.13152610063054,1,-67.61417212687823,1,-68.76227590864147,1,-69.30157023324305,1,-64.81446907074769
1.258925411794167,-68.25915166258115,1.258925411794167,-57.20951369469158,1.258925411794167,-59.27838924856329,1.258925411794167,-61.42490443150329,1.258925411794167,-58.09096226983741,1.258925411794167,-61.64398495763901,1.258925411794167,-54.34230008940654,1.258925411794167,-56.45321549561337,1.258925411794167,-58.70734521642596,1.258925411794167,-55.41086292457763,1.258925411794167,-43.96096165643207,1.258925411794167,-44.87938617916264,1.258925411794167,-46.89068370883324,1.258925411794167,-49.11048950099309,1.258925411794167,-45.34022293500426,1.258925411794167,-54.75872259015802,1.258925411794167,-62.45818361726195,1.258925411794167,-64.21077904987547,1.258925411794167,-65.70634544216337,1.258925411794167,-61.09931534374181,1.258925411794167,-46.13152610059934,1.258925411794167,-67.61417212555415,1.258925411794167,-68.76227590701043,1.258925411794167,-69.3015702310054,1.258925411794167,-64.81446906807284
1.584893192461114,-68.25915165508187,1.584893192461114,-57.20951369429469,1.584893192461114,-59.27838924794747,1.584893192461114,-61.4249044304652,1.584893192461114,-58.09096226755288,1.584893192461114,-61.64398495590825,1.584893192461114,-54.34230008916298,1.584893192461114,-56.45321549522925,1.584893192461114,-58.70734521580072,1.584893192461114,-55.41086292301021,1.584893192461114,-43.96096165639579,1.584893192461114,-44.87938617911929,1.584893192461114,-46.89068370876335,1.584893192461114,-49.11048950088717,1.584893192461114,-45.34022293462569,1.584893192461114,-54.75872258985942,1.584893192461114,-62.45818361635408,1.584893192461114,-64.21077904850335,1.584893192461114,-65.70634544025845,1.584893192461114,-61.09931534100287,1.584893192461114,-46.1315261005486,1.584893192461114,-67.61417212318341,1.584893192461114,-68.76227590422448,1.584893192461114,-69.30157022761688,1.584893192461114,-64.814469063827
1.99526231496888,-68.25915164315637,1.99526231496888,-57.20951369367035,1.99526231496888,-59.27838924698566,1.99526231496888,-61.42490442886692,1.99526231496888,-58.09096226393019,1.99526231496888,-61.64398495315432,1.99526231496888,-54.34230008882523,1.99526231496888,-56.45321549466748,1.99526231496888,-58.70734521476218,1.99526231496888,-55.41086292051754,1.99526231496888,-43.96096165632814,1.99526231496888,-44.87938617905062,1.99526231496888,-46.89068370867162,1.99526231496888,-49.11048950070532,1.99526231496888,-45.34022293402441,1.99526231496888,-54.75872258937772,1.99526231496888,-62.4581836147445,1.99526231496888,-64.21077904637869,1.99526231496888,-65.70634543719225,1.99526231496888,-61.0993153366722,1.99526231496888,-46.13152610047182,1.99526231496888,-67.61417211948483,1.99526231496888,-68.76227589980897,1.99526231496888,-69.30157022348494,1.99526231496888,-64.81446905711961
2.511886431509581,-68.25915162423914,2.511886431509581,-57.20951369264534,2.511886431509581,-59.27838924545301,2.511886431509581,-61.42490442635955,2.511886431509581,-58.09096225818461,2.511886431509581,-61.64398494879736,2.511886431509581,-54.34230008821348,2.511886431509581,-56.45321549369763,2.511886431509581,-58.70734521322481,2.511886431509581,-55.41086291656941,2.511886431509581,-43.96096165623453,2.511886431509581,-44.87938617894449,2.511886431509581,-46.89068370850464,2.511886431509581,-49.11048950043254,2.511886431509581,-45.34022293307058,2.511886431509581,-54.75872258861077,2.511886431509581,-62.45818361229934,2.511886431509581,-64.21077904293192,2.511886431509581,-65.70634543239213,2.511886431509581,-61.0993153297988,2.511886431509581,-46.13152610035379,2.511886431509581,-67.61417211366013,2.511886431509581,-68.76227589293778,2.511886431509581,-69.30157021587701,2.511886431509581,-64.81446904648452
3.16227766016838,-68.25915159422424,3.16227766016838,-57.20951369103205,3.16227766016838,-59.27838924302975,3.16227766016838,-61.4249044223719,3.16227766016838,-58.09096224908694,3.16227766016838,-61.64398494187022,3.16227766016838,-54.34230008725194,3.16227766016838,-56.45321549229129,3.16227766016838,-58.70734521070947,3.16227766016838,-55.41086291031598,3.16227766016838,-43.96096165608048,3.16227766016838,-44.87938617878279,3.16227766016838,-46.8906837082468,3.16227766016838,-49.11048949999117,3.16227766016838,-45.34022293156202,3.16227766016838,-54.75872258739667,3.16227766016838,-62.45818360844097,3.16227766016838,-64.2107790375193,3.16227766016838,-65.70634542471991,3.16227766016838,-61.09931531891262,3.16227766016838,-46.13152610017352,3.16227766016838,-67.61417210451796,3.16227766016838,-68.76227588193107,3.16227766016838,-69.30157020305742,3.16227766016838,-64.8144689958793
3.981071705534974,-68.25915154686705,3.981071705534974,-57.20951368849094,3.981071705534974,-59.27838923922938,3.981071705534974,-61.42490441599119,3.981071705534974,-58.09096223466515,3.981071705534974,-61.64398493090693,3.981071705534974,-54.3423000857635,3.981071705534974,-56.45321548996315,3.981071705534974,-58.7073452067207,3.981071705534974,-55.41086290040526,3.981071705534974,-43.96096165583062,3.981071705534974,-44.87938617852292,3.981071705534974,-46.89068370784778,3.981071705534974,-49.11048949928706,3.981071705534974,-45.34022292916838,3.981071705534974,-54.75872258547882,3.981071705534974,-62.45818360217562,3.981071705534974,-64.21077902893661,3.981071705534974,-65.7063454126322,3.981071705534974,-61.09931530164816,3.981071705534974,-46.13152609987402,3.981071705534974,-67.61417208990486,3.981071705534974,-68.76227586452168,3.981071705534974,-69.30157018405713,3.981071705534974,-64.81446896916093
5.011872336272725,-68.2591514715149,5.011872336272725,-57.20951368446632,5.011872336272725,-59.27838923317056,5.011872336272725,-61.42490440591926,5.011872336272725,-58.09096221180911,5.011872336272725,-61.64398491352497,5.011872336272725,-54.34230008336019,5.011872336272725,-56.45321548629632,5.011872336272725,-58.70734520044201,5.011872336272725,-55.41086288468784,5.011872336272725,-43.96096165544109,5.011872336272725,-44.87938617810855,5.011872336272725,-46.89068370721368,5.011872336272725,-49.11048949815953,5.011872336272725,-45.3402229253747,5.011872336272725,-54.75872258243368,5.011872336272725,-62.45818359240102,5.011872336272725,-64.21077901534012,5.011872336272725,-65.70634539340472,5.011872336272725,-61.09931527431367,5.011872336272725,-46.13152609941966,5.011872336272725,-67.61417206664264,5.011872336272725,-68.76227583687321,5.011872336272725,-69.30157015264835,5.011872336272725,-64.81446892675969
6.309573444801935,-68.2591513522601,6.309573444801935,-57.20951367812211,6.309573444801935,-59.27838922355244,6.309573444801935,-61.42490438999104,6.309573444801935,-58.09096217556989,6.309573444801935,-61.64398488602281,6.309573444801935,-54.34230007958865,6.309573444801935,-56.45321548047358,6.309573444801935,-58.70734519045538,6.309573444801935,-55.41086285978978,6.309573444801935,-43.96096165481823,6.309573444801935,-44.87938617744885,6.309573444801935,-46.89068370619754,6.309573444801935,-49.11048949639175,6.309573444801935,-45.34022291936382,6.309573444801935,-54.75872257760825,6.309573444801935,-62.4581835768989,6.309573444801935,-64.21077899381804,6.309573444801935,-65.70634536304016,6.309573444801935,-61.09931523098698,6.309573444801935,-46.13152609867691,6.309573444801935,-67.61417203006471,6.309573444801935,-68.76227579314099,6.309573444801935,-69.30157010493632,6.309573444801935,-64.81446885959855
7.943282347242818,-68.25915135798758,7.943282347242818,-57.20951366804002,7.943282347242818,-59.27838920826831,7.943282347242818,-61.42490436464457,7.943282347242818,-58.0909621181403,7.943282347242818,-61.64398484237856,7.943282347242818,-54.34230007358359,7.943282347242818,-56.45321547127746,7.943282347242818,-58.70734517465625,7.943282347242818,-55.41086282033568,7.943282347242818,-43.96096165383589,7.943282347242818,-44.87938617640911,7.943282347242818,-46.8906837045856,7.943282347242818,-49.11048949359121,7.943282347242818,-45.34022290983902,7.943282347242818,-54.75872256998099,7.943282347242818,-62.4581835522833,7.943282347242818,-64.21077895962611,7.943282347242818,-65.70634531477133,7.943282347242818,-61.09931516230113,7.943282347242818,-46.13152609749979,7.943282347242818,-67.61417197192827,7.943282347242818,-68.76227572383655,7.943282347242818,-69.30157002611116,7.943282347242818,-64.81446875313716
10.00000000000001,-68.25915105847757,10.00000000000001,-57.20951365206354,10.00000000000001,-59.27838918414959,10.00000000000001,-61.42490432464088,10.00000000000001,-58.09096202714183,10.00000000000001,-61.64398477325636,10.00000000000001,-54.34230006408076,10.00000000000001,-56.45321545663992,10.00000000000001,-58.70734514968908,10.00000000000001,-55.4108627577821,10.00000000000001,-43.96096165227343,10.00000000000001,-44.87938617475712,10.00000000000001,-46.89068370204129,10.00000000000001,-49.11048948914686,10.00000000000001,-45.34022289474243,10.00000000000001,-54.7587225578907,10.00000000000001,-62.4581835132699,10.00000000000001,-64.21077890552492,10.00000000000001,-65.70634523855502,10.00000000000001,-61.09931505340881,10.00000000000001,-46.13152609565959,10.00000000000001,-67.61417187954341,10.00000000000001,-68.76227561381209,10.00000000000001,-69.30156986437341,10.00000000000001,-64.81446858439692
12.58925411794168,-68.25915058358812,12.58925411794168,-57.20951362670856,12.58925411794168,-59.27838914591872,12.58925411794168,-61.42490426114294,12.58925411794168,-58.09096188290868,12.58925411794168,-61.6439846636421,12.58925411794168,-54.34230004902755,12.58925411794168,-56.45321543347139,12.58925411794168,-58.70734510998732,12.58925411794168,-55.41086265862742,12.58925411794168,-43.96096164979189,12.58925411794168,-44.87938617214756,12.58925411794168,-46.8906836979933,12.58925411794168,-49.11048948211015,12.58925411794168,-45.34022287082885,12.58925411794168,-54.75872253874606,12.58925411794168,-62.45818345139452,12.58925411794168,-64.21077881974811,12.58925411794168,-65.7063451174987,12.58925411794168,-61.09931488083662,12.58925411794168,-46.13152609271764,12.58925411794168,-67.61417173341285,12.58925411794168,-68.76227544001547,12.58925411794168,-69.30156967000373,12.58925411794168,-64.81446831705885
15.84893192461115,-68.25914983102498,15.84893192461115,-57.20951358654064,15.84893192461115,-59.27838908525954,15.84893192461115,-61.42490416040565,15.84893192461115,-58.09096165430784,15.84893192461115,-61.64398449002738,15.84893192461115,-54.34230002516328,15.84893192461115,-56.45321539679288,15.84893192461115,-58.70734504704117,15.84893192461115,-55.41086250150885,15.84893192461115,-43.96096164586749,15.84893192461115,-44.87938616800655,15.84893192461115,-46.89068369158399,15.84893192461115,-49.11048947094937,15.84893192461115,-45.34022283289853,15.84893192461115,-54.75872250833681,15.84893192461115,-62.45818335344369,15.84893192461115,-64.2107786838082,15.84893192461115,-65.70634492564072,15.84893192461115,-61.09931460732963,15.84893192461115,-46.13152608805846,15.84893192461115,-67.61417150190235,15.84893192461115,-68.76227516374159,15.84893192461115,-69.30156936185845,15.84893192461115,-64.81446789322496
19.95262314968881,-68.25914863815754,19.95262314968881,-57.20951352294211,19.95262314968881,-59.27838898910681,19.95262314968881,-61.42490400079578,19.95262314968881,-58.09096129211569,19.95262314968881,-61.64398421489414,19.95262314968881,-54.34229998735157,19.95262314968881,-56.45321533856542,19.95262314968881,-58.7073449473477,19.95262314968881,-55.41086225247813,19.95262314968881,-43.96096163966321,19.95262314968881,-44.87938616144742,19.95262314968881,-46.89068368142608,19.95262314968881,-49.11048945327816,19.95262314968881,-45.34022277280049,19.95262314968881,-54.75872255092611,19.95262314968881,-62.45818317110695,19.95262314968881,-64.21077846828702,19.95262314968881,-65.70634462154894,19.95262314968881,-61.09931417391184,19.95262314968881,-46.13152608067482,19.95262314968881,-67.61417113478878,19.95262314968881,-68.76227472612386,19.95262314968881,-69.30156887082678,19.95262314968881,-64.81446722154939
25.11886431509582,-68.25914674763719,25.11886431509582,-57.20951342207648,25.11886431509582,-59.27838883671983,25.11886431509582,-61.42490374785849,25.11886431509582,-58.09096071790337,25.11886431509582,-61.64398377865688,25.11886431509582,-54.34229992741346,25.11886431509582,-56.45321524648124,25.11886431509582,-58.70734478932973,25.11886431509582,-55.41086185782024,25.11886431509582,-43.96096161770182,25.11886431509582,-44.87938615104196,25.11886431509582,-46.89068366534079,25.11886431509582,-49.11048940571804,25.11886431509582,-45.34022267755162,25.11886431509582,-54.7587225199699,25.11886431509582,-62.4581828979224,25.11886431509582,-64.21077812686886,25.11886431509582,-65.70634413963424,25.11886431509582,-61.09931348692668,25.11886431509582,-46.13152606897251,25.11886431509582,-67.61417055305354,25.11886431509582,-68.76227403252977,25.11886431509582,-69.3015680988735,25.11886431509582,-64.81446612309253
31.62277660168382,-68.25914375158311,31.62277660168382,-57.20951326228914,31.62277660168382,-59.27838859520634,31.62277660168382,-61.42490331204375,31.62277660168382,-58.0909597880834,31.62277660168382,-61.64398308730451,31.62277660168382,-54.3422998324415,31.62277660168382,-56.45321509906984,31.62277660168382,-58.70734453888674,31.62277660168382,-55.41086119463541,31.62277660168382,-43.96096160207963,31.62277660168382,-44.87938613380225,31.62277660168382,-46.89068363987371,31.62277660168382,-49.11048936131186,31.62277660168382,-45.34022252595242,31.62277660168382,-54.7587223989994,31.62277660168382,-62.45818250780854,31.62277660168382,-64.21077758573159,31.62277660168382,-65.70634337598359,31.62277660168382,-61.09931239814176,31.62277660168382,-46.13152605044208,31.62277660168382,-67.61416963098468,31.62277660168382,-68.76227288874692,31.62277660168382,-69.30156684608325,31.62277660168382,-64.81446443601415
39.81071705534977,-68.2591390029782,39.81071705534977,-57.20951297561718,39.81071705534977,-59.27838821068217,39.81071705534977,-61.42490267662801,39.81071705534977,-58.09095834574634,39.81071705534977,-61.64398199160974,39.81071705534977,-54.34229968189318,39.81071705534977,-56.45321486599951,39.81071705534977,-58.70734414200194,39.81071705534977,-55.41086020331293,39.81071705534977,-43.9609615774274,39.81071705534977,-44.87938609232352,39.81071705534977,-46.89068359965304,39.81071705534977,-49.11048929153063,39.81071705534977,-45.34022228666757,39.81071705534977,-54.75872220720698,39.81071705534977,-62.45818188942324,39.81071705534977,-64.21077670290973,39.81071705534977,-65.70634213890298,39.81071705534977,-61.0993106234063,39.81071705534977,-46.131526021066,39.81071705534977,-67.61416816967986,39.81071705534977,-68.7622711464234,39.81071705534977,-69.30156485853676,39.81071705534977,-64.81446176191427
50.11872336272729,-68.25913147705356,50.11872336272729,-57.2095125722709,50.11872336272729,-59.2783875727816,50.11872336272729,-61.42490166961918,50.11872336272729,-58.090956038897,50.11872336272729,-61.64398025529641,50.11872336272729,-54.34229944321828,50.11872336272729,-56.45321448553239,50.11872336272729,-58.70734351288627,50.11872336272729,-55.41085863121175,50.11872336272729,-43.960961538283,50.11872336272729,-44.8793860509132,50.11872336272729,-46.89068353485715,50.11872336272729,-49.11048917919367,50.11872336272729,-45.34022190744432,50.11872336272729,-54.75872190331707,50.11872336272729,-62.4581809094042,50.11872336272729,-64.21077531830666,50.11872336272729,-65.70634021788449,50.11872336272729,-61.0993078885261,50.11872336272729,-46.13152597674997,50.11872336272729,-67.61416579611492,50.11872336272729,-68.76226838483113,50.11872336272729,-69.30156177267719,50.11872336272729,-64.8144574900589
63.0957344480194,-68.25911954900243,63.0957344480194,-57.20951193589443,63.0957344480194,-59.27838660969275,63.0957344480194,-61.42490005594243,63.0957344480194,-58.09095241502019,63.0957344480194,-61.64397750305364,63.0957344480194,-54.34229906504513,63.0957344480194,-56.4532139037606,63.0957344480194,-58.7073425159924,63.0957344480194,-55.41085614100773,63.0957344480194,-43.96096147368917,63.0957344480194,-44.87938598525989,63.0957344480194,-46.89068343346581,63.0957344480194,-49.11048900156791,63.0957344480194,-45.34022130648574,63.0957344480194,-54.75872142665575,63.0957344480194,-62.45817935616229,63.0957344480194,-64.21077316382379,63.0957344480194,-65.70633712393536,63.0957344480194,-61.09930355383152,63.0957344480194,-46.13152590538266,63.0957344480194,-67.61416212535526,63.0957344480194,-68.76226393910262,63.0957344480194,-69.3015568176646,63.0957344480194,-64.81445072260765
79.43282347242825,-68.2591006656849,79.43282347242825,-57.20951089237131,79.43282347242825,-59.27838507044652,79.43282347242825,-61.42489750690136,79.43282347242825,-58.0909466137194,79.43282347242825,-61.64397313285941,79.43282347242825,-54.34229846568023,79.43282347242825,-56.45321298028326,79.43282347242825,-58.70734090466217,79.43282347242825,-55.41085215679279,79.43282347242825,-43.96096137400634,79.43282347242825,-44.87938587381844,79.43282347242825,-46.89068327110544,79.43282347242825,-49.11048871074383,79.43282347242825,-45.34022032590945,79.43282347242825,-54.75872066838598,79.43282347242825,-62.45817689446456,79.43282347242825,-64.21076972148627,79.43282347242825,-65.70633230524547,79.43282347242825,-61.09929663328412,79.43282347242825,-46.13152578841915,79.43282347242825,-67.61415621823009,79.43282347242825,-68.76225698033677,79.43282347242825,-69.30154899307789,79.43282347242825,-64.81443999171665
100.0000000000001,-68.25907096585465,100.0000000000001,-57.20950929239542,100.0000000000001,-59.27838263878607,100.0000000000001,-61.4248934434564,100.0000000000001,-58.09093745403189,100.0000000000001,-61.64396619927798,100.0000000000001,-54.34229748386652,100.0000000000001,-56.45321147848752,100.0000000000001,-58.70733835380609,100.0000000000001,-55.41084586412445,100.0000000000001,-43.96096121670313,100.0000000000001,-44.87938569221265,100.0000000000001,-46.89068299921237,100.0000000000001,-49.11048826714848,100.0000000000001,-45.34021878674254,100.0000000000001,-54.75871946333977,100.0000000000001,-62.45817295999753,100.0000000000001,-64.21076420362139,100.0000000000001,-65.70632458796231,100.0000000000001,-61.09928564725402,100.0000000000001,-46.13152560303652,100.0000000000001,-67.61414696910809,100.0000000000001,-68.76224585114105,100.0000000000001,-69.30153658050116,100.0000000000001,-64.8144230354157
125.8925411794169,-68.25902348127514,125.8925411794169,-57.20950672405376,125.8925411794169,-59.27837874730479,125.8925411794169,-61.4248870200166,125.8925411794169,-58.0909229494385,125.8925411794169,-61.6439551558771,125.8925411794169,-54.34229595062544,125.8925411794169,-56.45320913252514,125.8925411794169,-58.7073343329132,125.8925411794169,-55.41083587243896,125.8925411794169,-43.96096095486856,125.8925411794169,-44.87938542875364,125.8925411794169,-46.89068259431799,125.8925411794169,-49.11048752214974,125.8925411794169,-45.34021637838624,125.8925411794169,-54.75871754567929,125.8925411794169,-62.45816666587727,125.8925411794169,-64.21075557624822,125.8925411794169,-65.70631240103454,125.8925411794169,-61.09926834031161,125.8925411794169,-46.13152535176694,125.8925411794169,-67.61413229821474,125.8925411794169,-68.76222827014118,125.8925411794169,-69.3015169594523,125.8925411794169,-64.81439612666196
158.4893192461116,-68.25894848243526,158.4893192461116,-57.20950262249784,158.4893192461116,-59.27837258441406,158.4893192461116,-61.42487680397401,158.4893192461116,-58.09089995007623,158.4893192461116,-61.64393749937038,158.4893192461116,-54.34229350470954,158.4893192461116,-56.45320537584121,158.4893192461116,-58.70732795940865,158.4893192461116,-55.41082004500969,158.4893192461116,-43.96096055816415,158.4893192461116,-44.8793849824694,158.4893192461116,-46.89068190225898,158.4893192461116,-49.11048638397617,158.4893192461116,-45.3402125420896,158.4893192461116,-54.75871456626103,158.4893192461116,-62.45815680565364,158.4893192461116,-64.21074187937631,158.4893192461116,-65.70629307884775,158.4893192461116,-61.09924084131097,158.4893192461116,-46.13152488839453,158.4893192461116,-67.61410895919434,158.4893192461116,-68.76220045609097,158.4893192461116,-69.30148575728991,158.4893192461116,-64.81435344430651
199.5262314968883,-68.25882944718958,199.5262314968883,-57.20949621910725,199.5262314968883,-59.2783628399054,199.5262314968883,-61.42486068047037,199.5262314968883,-58.09086348048641,199.5262314968883,-61.64390984296308,199.5262314968883,-54.34228963370687,199.5262314968883,-56.45319945981937,199.5262314968883,-58.70731782880102,199.5262314968883,-55.41079497159638,199.5262314968883,-43.96095989382684,199.5262314968883,-44.87938429955947,199.5262314968883,-46.89068086885919,199.5262314968883,-49.11048455344268,199.5262314968883,-45.34020647243229,199.5262314968883,-54.75870984472116,199.5262314968883,-62.45814116242572,199.5262314968883,-64.21072017880071,199.5262314968883,-65.70626240273353,199.5262314968883,-61.09919729865783,199.5262314968883,-46.13152417480915,199.5262314968883,-67.61407199138077,199.5262314968883,-68.76215635320891,199.5262314968883,-69.30143641438924,199.5262314968883,-64.81428585265354
251.1886431509584,-68.25864115378592,251.1886431509584,-57.20948595880821,251.1886431509584,-59.27834740610449,251.1886431509584,-61.42483505950155,251.1886431509584,-58.09080568033041,251.1886431509584,-61.64386598264513,251.1886431509584,-54.34228351740024,251.1886431509584,-56.45319008115521,251.1886431509584,-58.70730181542721,251.1886431509584,-55.41075521933212,251.1886431509584,-43.96095888422335,251.1886431509584,-44.87938321388483,251.1886431509584,-46.8906791738004,251.1886431509584,-49.11048166659044,251.1886431509584,-45.3401968443241,251.1886431509584,-54.75870232672449,251.1886431509584,-62.45811626168366,251.1886431509584,-64.21068574359163,251.1886431509584,-65.70621388450249,251.1886431509584,-61.09912827924672,251.1886431509584,-46.13152307253201,251.1886431509584,-67.61401340375438,251.1886431509584,-68.76208642879052,251.1886431509584,-69.30135814053139,251.1886431509584,-64.81417865839296
316.2277660168385,-68.25834255589363,316.2277660168385,-57.20946972374875,316.2277660168385,-59.27832288054975,316.2277660168385,-61.42479444505923,316.2277660168385,-58.09071409917738,316.2277660168385,-61.64379649730047,316.2277660168385,-54.34227385468657,316.2277660168385,-56.45317521055281,316.2277660168385,-58.70727638199023,316.2277660168385,-55.41069221105061,316.2277660168385,-43.96095722164073,316.2277660168385,-44.87938147879765,316.2277660168385,-46.89067654174719,316.2277660168385,-49.11047709761731,316.2277660168385,-45.34018157019255,316.2277660168385,-54.75869035409998,316.2277660168385,-62.45807693179062,316.2277660168385,-64.21063113040528,316.2277660168385,-65.70613685977351,316.2277660168385,-61.09901883015485,316.2277660168385,-46.13152126792241,316.2277660168385,-67.61392058501595,316.2277660168385,-68.76197557691191,316.2277660168385,-69.30123405008868,316.2277660168385,-64.81400883550182
398.107170553498,-68.25786929665627,398.107170553498,-57.20944401544704,398.107170553498,-59.27828408322905,398.107170553498,-61.42473014654458,398.107170553498,-58.09056891517962,398.107170553498,-61.6436860640417,398.107170553498,-54.34225850982768,398.107170553498,-56.45315164789913,398.107170553498,-58.70723610171505,398.107170553498,-55.41059236919759,398.107170553498,-43.96095462322639,398.107170553498,-44.87937875178802,398.107170553498,-46.89067234820002,398.107170553498,-49.11046985893773,398.107170553498,-45.34015739184645,398.107170553498,-54.75867158597585,398.107170553498,-62.45801458564962,398.107170553498,-64.21054466011407,398.107170553498,-65.70601491415309,398.107170553498,-61.09884538713159,398.107170553498,-46.13151842390425,398.107170553498,-67.61377345899642,398.107170553498,-68.76179991897665,398.107170553498,-69.30103746998081,398.107170553498,-64.81373967261173
501.1872336272732,-68.25711925124966,501.1872336272732,-57.2094032266813,501.1872336272732,-59.27822254667453,501.1872336272732,-61.42462823850164,501.1872336272732,-58.09033888177576,501.1872336272732,-61.64351130732121,501.1872336272732,-54.34223416719548,501.1872336272732,-56.45311428387707,501.1872336272732,-58.70717230200224,501.1872336272732,-55.41043416812253,501.1872336272732,-43.96095053491248,501.1872336272732,-44.87937441839351,501.1872336272732,-46.89066568717752,501.1872336272732,-49.1104583837075,501.1872336272732,-45.34011905766779,501.1872336272732,-54.75864150672967,501.1872336272732,-62.45791564993104,501.1872336272732,-64.21040753246659,501.1872336272732,-65.70582158972955,501.1872336272732,-61.09857053630594,501.1872336272732,-46.1315139533151,501.1872336272732,-67.61354032768644,501.1872336272732,-68.76152158970771,501.1872336272732,-69.3007258870678,501.1872336272732,-64.81331316400005
630.9573444801945,-68.2559314982992,630.9573444801945,-57.20933864876181,630.9573444801945,-59.27812502237997,630.9573444801945,-61.42446665415271,630.9573444801945,-58.08997430577521,630.9573444801945,-61.64323422994945,630.9573444801945,-54.34219560975612,630.9573444801945,-56.45305509489349,630.9573444801945,-58.70707113971147,630.9573444801945,-55.41018337961561,630.9573444801945,-43.96094401794351,630.9573444801945,-44.87936754861943,630.9573444801945,-46.89065515214026,630.9573444801945,-49.11044019488615,630.9573444801945,-45.34005835074166,630.9573444801945,-54.75859409986437,630.9573444801945,-62.45775897253385,630.9573444801945,-64.21019023706187,630.9573444801945,-65.70551520344907,630.9573444801945,-61.09813495683151,630.9573444801945,-46.13150688003863,630.9573444801945,-67.61317082541139,630.9573444801945,-68.76108045361268,630.9573444801945,-69.30023212425085,630.9573444801945,-64.81263720561219
794.3282347242831,-68.25404876754199,794.3282347242831,-57.20923626993546,794.3282347242831,-59.27797047553724,794.3282347242831,-61.4242106915796,794.3282347242831,-58.08939656407488,794.3282347242831,-61.64279530255042,794.3282347242831,-54.34213450023381,794.3282347242831,-56.45296123598651,794.3282347242831,-58.70691085759559,794.3282347242831,-55.40978593610688,794.3282347242831,-43.96093366781841,794.3282347242831,-44.8793566424014,794.3282347242831,-46.89063843272636,794.3282347242831,-49.11041133831684,794.3282347242831,-45.33996205173029,794.3282347242831,-54.75851895489053,794.3282347242831,-62.4575105792296,794.3282347242831,-64.20984589155309,794.3282347242831,-65.70502965954675,794.3282347242831,-61.09744469974356,794.3282347242831,-46.13149560910343,794.3282347242831,-67.61258534409704,794.3282347242831,-68.76038139528575,794.3282347242831,-69.29944968543842,794.3282347242831,-64.81156610580506
1000.000000000002,-68.2510667256081,1000.000000000002,-57.2090739857035,1000.000000000002,-59.2777255388015,1000.000000000002,-61.42380493109862,1000.000000000002,-58.08848100555825,1000.000000000002,-61.6420994584053,1000.000000000002,-54.34203763812562,1000.000000000002,-56.45281250982634,1000.000000000002,-58.70665681745926,1000.000000000002,-55.40915619910759,1000.000000000002,-43.96091731976519,1000.000000000002,-44.87933938736025,1000.000000000002,-46.89061193159783,1000.000000000002,-49.11036560678102,1000.000000000002,-45.33980946678807,1000.000000000002,-54.75839983757815,1000.000000000002,-62.45711713364053,1000.000000000002,-64.20930022571139,1000.000000000002,-65.70426019957534,1000.000000000002,-61.09635100060488,1000.000000000002,-46.13147775649718,1000.000000000002,-67.6116574781893,1000.000000000002,-68.75927372071406,1000.000000000002,-69.29820983017002,1000.000000000002,-64.80986910602468
1258.92541179417,-68.24634457518016,1258.92541179417,-57.20881680610038,1258.92541179417,-59.27733734313826,1258.92541179417,-61.42316193003207,1258.92541179417,-58.08703041982569,1258.92541179417,-61.64099709766168,1258.92541179417,-54.34188415204168,1258.92541179417,-56.45257681115372,1258.92541179417,-58.70625421514845,1258.92541179417,-55.40815826940266,1258.92541179417,-43.96089138492017,1258.92541179417,-44.87931204442588,1258.92541179417,-46.89056997065254,1258.92541179417,-49.11029315950107,1258.92541179417,-45.33956762758526,1258.92541179417,-54.75821091502918,1258.92541179417,-62.45649339104822,1258.92541179417,-64.2084354672936,1258.92541179417,-65.70304106457951,1258.92541179417,-61.09461811005385,1258.92541179417,-46.1314494625161,1258.92541179417,-67.61018735961824,1258.92541179417,-68.75751871112412,1258.92541179417,-69.29624560251625,1258.92541179417,-64.80718086710188
1584.893192461117,-68.23887081068324,1584.893192461117,-57.20840927692767,1584.893192461117,-59.27672219027667,1584.893192461117,-61.42214311545244,1584.893192461117,-58.08473232787708,1584.893192461117,-61.63925039375784,1584.893192461117,-54.34164090615017,1584.893192461117,-56.45220331781827,1584.893192461117,-58.7056162135179,1584.893192461117,-55.40657715880756,1584.893192461117,-43.96085025628351,1584.893192461117,-44.87926867835425,1584.893192461117,-46.89050342453119,1584.893192461117,-49.11017829763512,1584.893192461117,-45.33918439142163,1584.893192461117,-54.75791170350212,1584.893192461117,-62.45550508460647,1584.893192461117,-64.20706529428834,1584.893192461117,-65.7011095379044,1584.893192461117,-61.09187307912011,1584.893192461117,-46.13140458442716,1584.893192461117,-67.60785841325435,1584.893192461117,-68.75473863602477,1584.893192461117,-69.2931342372711,1584.893192461117,-64.80292374846698
1995.262314968884,-68.22705252897043,1995.262314968884,-57.20776346100995,1995.262314968884,-59.2757474332304,1995.262314968884,-61.42052880874549,1995.262314968884,-58.08109256497693,1995.262314968884,-61.63648325773923,1995.262314968884,-54.34125537962182,1995.262314968884,-56.4516113967202,1995.262314968884,-58.70460520884724,1995.262314968884,-55.40407240949372,1995.262314968884,-43.96078509185234,1995.262314968884,-44.87919998148578,1995.262314968884,-46.89039797165314,1995.262314968884,-49.10999630425381,1995.262314968884,-45.33857707295633,1995.262314968884,-54.75743739293967,1995.262314968884,-62.45393918898367,1995.262314968884,-64.2048946202292,1995.262314968884,-65.69804995866477,1995.262314968884,-61.08752600442257,1995.262314968884,-46.13133354733107,1995.262314968884,-67.60416975590144,1995.262314968884,-68.75033623258642,1995.262314968884,-69.28820761848512,1995.262314968884,-64.79618509020295
2511.886431509586,-68.20838714106769,2511.886431509586,-57.20674005678021,2511.886431509586,-59.27420295641166,2511.886431509586,-61.41797155132095,2511.886431509586,-58.07533020471424,2511.886431509586,-61.63210149676409,2511.886431509586,-54.34064443265396,2511.886431509586,-56.45067342575105,2511.886431509586,-58.70300345141733,2511.886431509586,-55.40010559866381,2511.886431509586,-43.96068184461907,2511.886431509586,-44.87909109161846,2511.886431509586,-46.89023087459459,2511.886431509586,-49.10970788593149,2511.886431509586,-45.33761468021533,2511.886431509586,-54.75668590313383,2511.886431509586,-62.45145863231011,2511.886431509586,-64.20145657263033,2511.886431509586,-65.69320536052115,2511.886431509586,-61.08064530945795,2511.886431509586,-46.13122091186399,2511.886431509586,-67.59833008997519,2511.886431509586,-68.74336796619068,2511.886431509586,-69.28041092592072,2511.886431509586,-64.78552655972716
3162.277660168386,-68.17896767986257,3162.277660168386,-57.20511865215444,3162.277660168386,-59.27175629041552,3162.277660168386,-61.41392169403679,3162.277660168386,-58.06621307461469,3162.277660168386,-61.62516618921747,3162.277660168386,-54.33967636369822,3162.277660168386,-56.4491872670686,3162.277660168386,-58.7004659429787,3162.277660168386,-55.39382597586187,3162.277660168386,-43.96051818526896,3162.277660168386,-44.87891850146494,3162.277660168386,-46.8899660093448,3162.277660168386,-49.1092507873581,3162.277660168386,-45.33608988590088,3162.277660168386,-54.75549490034994,3162.277660168386,-62.44753011203968,3162.277660168386,-64.19601321263244,3162.277660168386,-65.68553812110022,3162.277660168386,-61.06976239863994,3162.277660168386,-46.13104246459949,3162.277660168386,-67.58909086880801,3162.277660168386,-68.73234685519952,3162.277660168386,-69.26808258909575,3162.277660168386,-64.76868717473043
3981.071705534981,-68.1327456682226,3981.071705534981,-57.20255003506217,3981.071705534981,-59.26788140548013,3981.071705534981,-61.40751080321419,3981.071705534981,-58.05180257698601,3981.071705534981,-61.61419692946068,3981.071705534981,-54.3381425130239,3981.071705534981,-56.44683291551144,3981.071705534981,-58.6964473333013,3981.071705534981,-55.38389207613865,3981.071705534981,-43.96025879888881,3981.071705534981,-44.87864499927075,3981.071705534981,-46.88954631123975,3981.071705534981,-49.10852645196978,3981.071705534981,-45.33367425617394,3981.071705534981,-54.75360816034678,3981.071705534981,-62.44131085494564,3981.071705534981,-64.18740002195784,3981.071705534981,-65.67341416276732,3981.071705534981,-61.05256982221425,3981.071705534981,-46.13075957388369,3981.071705534981,-67.5744879507884,3981.071705534981,-68.71493664727343,3981.071705534981,-69.24861489988162,3981.071705534981,-64.74213172205403
5011.872336272734,-68.0604815406129,5011.872336272734,-57.19848223916583,5011.872336272734,-59.26174719867311,5011.872336272734,-61.3973696836406,5011.872336272734,-58.02906091662499,5011.872336272734,-61.5968682451816,5011.872336272734,-54.33571257793957,5011.872336272734,-56.44310415120281,5011.872336272734,-58.69008591063169,5011.872336272734,-55.36819426112497,5011.872336272734,-43.95984778351022,5011.872336272734,-44.87821157413133,5011.872336272734,-46.88888116299503,5011.872336272734,-49.10737865086431,5011.872336272734,-45.32984853827654,5011.872336272734,-54.75061954397363,5011.872336272734,-62.43147250207663,5011.872336272734,-64.17378391115005,5011.872336272734,-65.65426800704257,5011.872336272734,-61.02546012458954,5011.872336272734,-46.13031133617337,5011.872336272734,-67.55144387160637,5011.872336272734,-68.68748557998715,5011.872336272734,-69.21793832866091,5011.872336272734,-64.70037388623017
6309.573444801948,-67.94835819767586,6309.573444801948,-57.19204297647219,6309.573444801948,-59.2520427850404,6309.573444801948,-61.38134532002924,6309.573444801948,-57.99325998419643,6309.573444801948,-61.56954502479085,6309.573444801948,-54.33186422496305,6309.573444801948,-56.43720095827188,6309.573444801948,-58.68002266769179,6309.573444801948,-55.34343060133243,6309.573444801948,-43.95919641453987,6309.573444801948,-44.87752469565105,6309.573444801948,-46.88782722451929,6309.573444801948,-49.1055602025187,6309.573444801948,-45.32379209345278,6309.573444801948,-54.74588707290985,6309.573444801948,-62.41592517197807,6309.573444801948,-64.15229094620969,6309.573444801948,-65.62409505086681,6309.573444801948,-60.98283773826586,6309.573444801948,-46.12960096436726,6309.573444801948,-67.51517007313133,6309.573444801948,-68.64433081236065,6309.573444801948,-69.1697588495702,6309.573444801948,-64.63500381228155
7943.282347242834,-67.77638002078093,7943.282347242834,-57.18185694259708,7943.282347242834,-59.23670668563336,7943.282347242834,-61.35606897535779,7943.282347242834,-57.93711703422816,7943.282347242834,-61.52658944275439,7943.282347242834,-54.325771975443,7943.282347242834,-56.427861429803,7943.282347242834,-58.66412121989534,7943.282347242834,-55.30446978091064,7943.282347242834,-43.95816426401097,7943.282347242834,-44.87643630772194,7943.282347242834,-46.88615732873454,7943.282347242834,-49.10267966261048,7943.282347242834,-45.31421049733927,7943.282347242834,-54.73839719099381,7943.282347242834,-62.39139775470522,7943.282347242834,-64.11844326541024,7943.282347242834,-65.57669967152239,7943.282347242834,-60.91613113118821,7943.282347242834,-46.12847540674268,7943.282347242834,-67.45829358887143,7943.282347242834,-68.57680158635156,7943.282347242834,-69.09447762882068,7943.282347242834,-64.53337350041859
10000.00000000003,-67.51703841147398,10000.00000000003,-57.16576197197615,10000.00000000003,-59.21251091454862,10000.00000000003,-61.31630757903886,10000.00000000003,-57.84959694386848,10000.00000000003,-61.45936847064394,10000.00000000003,-54.3161338750254,10000.00000000003,-56.41310035939355,10000.00000000003,-58.63903776441759,10000.00000000003,-55.24342821418984,10000.00000000003,-43.95652892704166,10000.00000000003,-44.87471186712396,10000.00000000003,-46.88351208272309,10000.00000000003,-49.09811822658315,10000.00000000003,-45.29906788490992,10000.00000000003,-54.72655274949108,10000.00000000003,-62.35280602009689,10000.00000000003,-64.06533281812308,10000.00000000003,-65.50262664028639,10000.00000000003,-60.81246322538909,10000.00000000003,-46.12669201163077,10000.00000000003,-67.36964896169337,10000.00000000003,-68.47188042570151,10000.00000000003,-68.97777535421508,10000.00000000003,-64.37701906058341
12589.25411794171,-67.13531968092889,12589.25411794171,-57.14037473871583,12589.25411794171,-59.1744373410606,12589.25411794171,-61.25402637087709,12589.25411794171,-57.71440153175578,12589.25411794171,-61.35491692820192,12589.25411794171,-54.30090226463773,12589.25411794171,-56.38980789600236,12589.25411794171,-58.5995776368495,12589.25411794171,-55.14840763267669,12589.25411794171,-43.95393835544777,12589.25411794171,-44.8719802315054,12589.25411794171,-46.87932289545365,12589.25411794171,-49.09089869853728,12589.25411794171,-45.27517612207567,12589.25411794171,-54.70784659401041,12589.25411794171,-62.29233605849645,12589.25411794171,-63.9824667571297,12589.25411794171,-65.38775712540929,12589.25411794171,-60.65306745985913,12589.25411794171,-46.1238671066364,12589.25411794171,-67.2327609195664,12589.25411794171,-68.31061571018547,12589.25411794171,-68.79900790638871,12589.25411794171,-64.14019751831063
15848.93192461118,-66.59165564578383,15848.93192461118,-57.10044020090923,15848.93192461118,-59.11477025012167,15848.93192461118,-61.15711118571149,15848.93192461118,-57.50839618577178,15848.93192461118,-61.19435212123588,15848.93192461118,-54.27687060337229,15848.93192461118,-56.35314585445566,15848.93192461118,-58.5377627730176,15848.93192461118,-55.00194351046434,15848.93192461118,-43.94983574973943,15848.93192461118,-44.86765443136964,15848.93192461118,-46.87269185161539,15848.93192461118,-49.07948105141188,15848.93192461118,-45.23757742837072,15848.93192461118,-54.67836356743445,15848.93192461118,-62.19818966637361,15848.93192461118,-63.8542881650607,15848.93192461118,-65.21170470849016,15848.93192461118,-60.41184681602839,15848.93192461118,-46.11939368556233,15848.93192461118,-67.02427670707053,15848.93192461118,-68.06669548664756,15848.93192461118,-68.52994244534793,15848.93192461118,-63.78946245620786
19952.62314968885,-65.84902872512924,19952.62314968885,-57.03789098231939,19952.62314968885,-59.02185209656167,19952.62314968885,-61.0078083207678,19952.62314968885,-57.20068542993638,19952.62314968885,-60.95144216004808,19952.62314968885,-54.23905331494961,19952.62314968885,-56.29566709911564,19952.62314968885,-58.44156034480473,19952.62314968885,-54.77948034283468,19952.62314968885,-43.94334149250881,19952.62314968885,-44.86080731249488,19952.62314968885,-46.86220300648085,19952.62314968885,-49.06144659625151,19952.62314968885,-45.17864638732231,19952.62314968885,-54.6320420119042,19952.62314968885,-62.0530364034757,19952.62314968885,-63.65858415039343,19952.62314968885,-64.94652376222577,19952.62314968885,-60.05502923710839,19952.62314968885,-46.11231323082477,19952.62314968885,-66.71307816696293,19952.62314968885,-67.70615246927416,19952.62314968885,-68.13496232209037,19952.62314968885,-63.28580617003068
25118.86431509587,-64.8830357870817,25118.86431509587,-56.94056643485321,25118.86431509587,-58.87854193649491,25118.86431509587,-60.78121598827913,25118.86431509587,-56.75368671185378,25118.86431509587,-60.59229337906664,25118.86431509587,-54.17978361594059,25118.86431509587,-56.20609974994414,25118.86431509587,-58.29332516253475,25118.86431509587,-54.4487009695256,25118.86431509587,-43.93306869707946,25118.86431509587,-44.84997750552925,25118.86431509587,-46.8456312154761,25118.86431509587,-49.03301663821452,25118.86431509587,-45.08685464217925,25118.86431509587,-54.55962449249903,25118.86431509587,-61.83248262483207,25118.86431509587,-63.36542015028716,25118.86431509587,-64.55683307257902,25118.86431509587,-59.54346716753648,25118.86431509587,-46.10111492971696,25118.86431509587,-66.26143777227172,25118.86431509587,-67.18976104271214,25118.86431509587,-67.57437296101185,25118.86431509587,-62.5908111010133
31622.77660168388,-63.69024220837767,31622.77660168388,-56.79065069713963,31622.77660168388,-58.66067486616834,31622.77660168388,-60.44468229639005,31622.77660168388,-56.12782397217912,31622.77660168388,-60.07770804466166,31622.77660168388,-54.0874737432757,31622.77660168388,-56.06782412385847,31622.77660168388,-58.06828556810858,31622.77660168388,-53.97116217290113,31622.77660168388,-43.91683711287678,31622.77660168388,-44.83286871971041,31622.77660168388,-46.81949575165399,31622.77660168388,-48.98833640740133,31622.77660168388,-44.9452357415081,31622.77660168388,-54.44726836533737,31622.77660168388,-61.50436915109017,31622.77660168388,-62.93787540166745,31622.77660168388,-64.00298086101043,31622.77660168388,-58.83898336716224,31622.77660168388,-46.08342590231086,31622.77660168388,-65.62983577188366,31622.77660168388,-66.47949981451528,31622.77660168388,-66.81188248655891,31622.77660168388,-61.67634050830284
39810.71705534984,-62.28946238225297,39810.71705534984,-56.56316818215306,39810.71705534984,-58.336317591513,39810.71705534984,-59.95958516065085,39810.71705534984,-55.29027292580182,39810.71705534984,-59.36960638412876,39810.71705534984,-53.94507714924766,39810.71705534984,-55.85731046350463,39810.71705534984,-57.73391515623508,39810.71705534984,-53.30778659166403,39810.71705534984,-43.89123574576448,39810.71705534984,-44.80589085666394,39810.71705534984,-46.77839398822375,39810.71705534984,-48.91845236346788,39810.71705534984,-44.72983630052819,39810.71705534984,-54.27494402990604,39810.71705534984,-61.03034116683216,39810.71705534984,-62.33621864776563,39810.71705534984,-63.2483782157516,39810.71705534984,-57.91415503511858,39810.71705534984,-46.05553735545737,39810.71705534984,-64.78580024649273,39810.71705534984,-65.54838869471702,39810.71705534984,-65.82474867743485,39810.71705534984,-60.53380486292694
50118.72336272738,-60.71505868328492,50118.72336272738,-56.22539618804228,50118.72336272738,-57.86724506418289,50118.72336272738,-59.2870185940884,50118.72336272738,-54.22501358222344,50118.72336272738,-58.44084239184595,50118.72336272738,-53.72854378177772,50118.72336272738,-55.54326182580127,50118.72336272738,-57.25165902494658,50118.72336272738,-52.42817663348032,50118.72336272738,-43.85096762922882,50118.72336272738,-44.7634751782677,50118.72336272738,-46.71404019622623,50118.72336272738,-48.80994942319172,50118.72336272738,-44.40893281309584,50118.72336272738,-54.01510610755293,50118.72336272738,-60.37124987481361,50118.72336272738,-61.5262228279002,50118.72336272738,-62.26961802505492,50118.72336272738,-56.76142109544688,50118.72336272738,-46.01170059858958,50118.72336272738,-63.7139208337405,50118.72336272738,-64.38949317703666,50118.72336272738,-64.61167152124622,50118.72336272738,-59.17734275498211
63095.73444801952,-59.00677100668952,63095.73444801952,-55.73867707902203,63095.73444801952,-57.21421441802975,63095.73444801952,-58.39722617447608,63095.73444801952,-52.93861900700146,63095.73444801952,-57.28424820910265,63095.73444801952,-53.406055023122,63095.73444801952,-55.08783947454354,63095.73444801952,-56.58254768629939,63095.73444801952,-51.32032422067553,63095.73444801952,-43.78790383050443,63095.73444801952,-44.69709067604239,63095.73444801952,-46.61396422190565,63095.73444801952,-48.64335705493355,63095.73444801952,-43.944423648811,63095.73444801952,-53.63270819933175,63095.73444801952,-59.49640794632882,63095.73444801952,-60.48932896326344,63095.73444801952,-61.06455611934388,63095.73444801952,-55.39588820990976,63095.73444801952,-45.94311749291347,63095.73444801952,-62.42143175948647,63095.73444801952,-63.01850127885936,63095.73444801952,-63.1932789624418,63095.73444801952,-57.63867156277934
79432.82347242841,-57.20144978543473,79432.82347242841,-55.06414568963943,79432.82347242841,-56.34613516570506,79432.82347242841,-57.2791965884947,79432.82347242841,-51.45781141333932,79432.82347242841,-55.91529595464687,79432.82347242841,-52.93945541225632,79432.82347242841,-54.45158101647387,79432.82347242841,-55.69658756186305,79432.82347242841,-49.99501688744731,79432.82347242841,-43.68979741278528,79432.82347242841,-44.59391997616173,79432.82347242841,-46.45994151344082,79432.82347242841,-48.3917709906823,79432.82347242841,-43.29698329258461,79432.82347242841,-53.08817367570444,79432.82347242841,-58.39334910731267,79432.82347242841,-59.2292671262597,79432.82347242841,-59.65311290328826,79432.82347242841,-53.84985039439246,79432.82347242841,-45.83659131940856,79432.82347242841,-60.93552631578049,79432.82347242841,-61.46804685480604,79432.82347242841,-61.60486061321596,79432.82347242841,-55.95717116787612
100000.0000000003,-55.32893045845327,100000.0000000003,-54.17218852163105,100000.0000000003,-55.24989476596224,100000.0000000003,-55.94471868856229,100000.0000000003,-49.82051908778097,100000.0000000003,-54.3664950511299,100000.0000000003,-52.2894637808973,100000.0000000003,-53.60231749031402,100000.0000000003,-54.58240112180294,100000.0000000003,-48.48186527171543,100000.0000000003,-43.53872134265097,100000.0000000003,-44.43528076128621,100000.0000000003,-46.22651993184075,100000.0000000003,-48.02071187888662,100000.0000000003,-42.43515085619051,100000.0000000003,-52.34451993782539,100000.0000000003,-57.07239686831802,100000.0000000003,-57.77066685216253,100000.0000000003,-58.07022567265671,100000.0000000003,-52.16279709791248,100000.0000000003,-45.67293406512334,100000.0000000003,-59.29430293705972,100000.0000000003,-59.7776781025778,100000.0000000003,-59.88617964748077,100000.0000000003,-54.1708550226567
125892.5411794172,-53.41133300664676,125892.5411794172,-53.05201302060584,125892.5411794172,-53.93515546005477,125892.5411794172,-54.42405587434549,125892.5411794172,-48.06601110155501,125892.5411794172,-52.67737446404276,125892.5411794172,-51.42480116794179,125892.5411794172,-52.52515268896751,125892.5411794172,-53.25141495919458,125892.5411794172,-46.81973627695562,125892.5411794172,-43.30957638186287,125892.5411794172,-44.19518807113005,125892.5411794172,-45.88054573764457,125892.5411794172,-47.49080899038098,125892.5411794172,-41.34521028600634,125892.5411794172,-51.37742689902858,125892.5411794172,-55.56286016644849,125892.5411794172,-56.15064495085391,125892.5411794172,-56.35566254602389,125892.5411794172,-50.37252663296545,125892.5411794172,-45.42555957654515,125892.5411794172,-57.5369533914136,125892.5411794172,-57.98506050200941,125892.5411794172,-58.0735515685388,125892.5411794172,-52.31129895404483
158489.3192461119,-51.4641392636916,158489.3192461119,-51.71562692449367,158489.3192461119,-52.4307902182133,158489.3192461119,-52.7562632736816,158489.3192461119,-46.22836650949309,158489.3192461119,-50.88565192440651,158489.3192461119,-50.33204711843934,158489.3192461119,-51.22787866643808,158489.3192461119,-51.73366600574246,158489.3192461119,-45.04729284874368,158489.3192461119,-42.96954336591094,158489.3192461119,-43.84000490769628,158489.3192461119,-45.38320181651662,158489.3192461119,-46.76460100365512,158489.3192461119,-40.03619508553452,158489.3192461119,-50.18356750733722,158489.3192461119,-53.9035265891772,158489.3192461119,-54.40875746465233,158489.3192461119,-54.54596289198357,158489.3192461119,-48.51026826523855,158489.3192461119,-45.06025236894942,158489.3192461119,-55.697356048943,158489.3192461119,-56.12121621502379,158489.3192461119,-56.19609503291037,158489.3192461119,-50.40230824264895
199526.2314968887,-49.49778699398168,199526.2314968887,-50.19343833225257,199526.2314968887,-50.77546598930117,199526.2314968887,-50.97984724373458,199526.2314968887,-44.33402113506321,199526.2314968887,-49.02243003831482,199526.2314968887,-49.02054970842477,199526.2314968887,-49.73809554294634,199526.2314968887,-50.06816172353475,199526.2314968887,-43.19726403578684,199526.2314968887,-42.47996949564359,199526.2314968887,-43.33072387644836,199526.2314968887,-44.69602418687567,199526.2314968887,-45.81650662798494,199526.2314968887,-38.53654775341033,199526.2314968887,-48.78184853179007,199526.2314968887,-52.13315135250706,199526.2314968887,-52.57994952414807,199526.2314968887,-52.6705417905398,199526.2314968887,-46.59948360983259,199526.2314968887,-44.53768628140448,199526.2314968887,-53.80172631571616,199526.2314968887,-54.20940610681708,199526.2314968887,-54.27526431638198,199526.2314968887,-48.46072746132517
251188.6431509589,-47.51914455240865,251188.6431509589,-48.5245483853335,251188.6431509589,-49.00806027968292,251188.6431509589,-49.127230370658,251188.6431509589,-42.40203176921128,251188.6431509589,-47.11104762449695,251188.6431509589,-47.51898059350225,251188.6431509589,-48.09407134341851,251188.6431509589,-48.2934939394904,251188.6431509589,-41.29462974992344,251188.6431509589,-41.80218499836172,251188.6431509589,-42.6292809092833,251188.6431509589,-43.79051572360898,251188.6431509589,-44.64150627581063,251188.6431509589,-36.88478700451637,251188.6431509589,-47.20667734025427,251188.6431509589,-50.28463814800375,251188.6431509589,-50.69165081480611,251188.6431509589,-50.75113268626608,251188.6431509589,-44.65673569147832,251188.6431509589,-43.82003265753655,251188.6431509589,-51.86893595961418,251188.6431509589,-52.26603495303517,251188.6431509589,-52.32601837953509,251188.6431509589,-46.4979934120879
316227.7660168391,-45.53265955713885,316227.7660168391,-46.74743404951045,316227.7660168391,-47.16171101278715,316227.7660168391,-47.22308100129025,316227.7660168391,-40.44549101008782,316227.7660168391,-45.16796886694327,316227.7660168391,-45.86595954122669,316227.7660168391,-46.33497289733901,316227.7660168391,-46.44222696766636,316227.7660168391,-39.35720397175688,316227.7660168391,-40.90699514708528,316227.7660168391,-41.70829915542527,316227.7660168391,-42.65749188322841,316227.7660168391,-43.25703278365168,316227.7660168391,-35.11985442961088,316227.7660168391,-45.49778826678761,316227.7660168391,-48.38315620788499,316227.7660168391,-48.76379713372994,316227.7660168391,-48.80292121277429,316227.7660168391,-42.69325140311403,316227.7660168391,-42.88085576372119,316227.7660168391,-49.91194648947159,316227.7660168391,-50.30222216878671,316227.7660168391,-50.35842239369476,316227.7660168391,-44.52166509121619
398107.1705534988,-43.54117736500023,398107.1705534988,-44.89444582441757,398107.1705534988,-45.26182583244294,398107.1705534988,-45.28496037992151,398107.1705534988,-38.47311023118968,398107.1705534988,-43.20434488232354,398107.1705534988,-44.10042322418013,398107.1705534988,-44.49454616222603,398107.1705534988,-44.53916183696622,398107.1705534988,-37.3971316440385,398107.1705534988,-39.78413839789275,398107.1705534988,-40.56015483632854,398107.1705534988,-41.31046540540348,398107.1705534988,-41.6966976325509,398107.1705534988,-33.27503491558193,398107.1705534988,-43.69198846946087,398107.1705534988,-46.44668978446052,398107.1705534988,-46.81016812049813,398107.1705534988,-46.83614026922781,398107.1705534988,-40.71643784565147,398107.1705534988,-41.71397781453786,398107.1705534988,-47.93939379718599,398107.1705534988,-48.32531503213758,398107.1705534988,-48.37909587203301,398107.1705534988,-42.53664891069828
501187.2336272742,-41.54649128321905,501187.2336272742,-42.99014970868057,501187.2336272742,-43.32656534809612,501187.2336272742,-43.32482188672815,501187.2336272742,-36.49054975300994,501187.2336272742,-41.22751465196144,501187.2336272742,-42.25558439296776,501187.2336272742,-42.59881874088898,501187.2336272742,-42.6019364382506,501187.2336272742,-35.42243516670101,501187.2336272742,-38.4460120125029,501187.2336272742,-39.19973570900937,501187.2336272742,-39.78064371320539,501187.2336272742,-40.00008504128782,501187.2336272742,-31.37585953747523,501187.2336272742,-41.81904624494528,501187.2336272742,-44.48752228223832,501187.2336272742,-44.83997465651134,501187.2336272742,-44.85751716657509,501187.2336272742,-38.73108461026067,501187.2336272742,-40.33576027957287,501187.2336272742,-45.9569169684504,501187.2336272742,-46.34008641724824,501187.2336272742,-46.39232554370491,501187.2336272742,-40.54608330407741
630957.3444801958,-39.54969232948541,630957.3444801958,-41.05196064346792,630957.3444801958,-41.36828846343803,630957.3444801958,-41.3505260955958,630957.3444801958,-34.50139633848648,630957.3444801958,-39.24218222330704,630957.3444801958,-40.35685314473949,630957.3444801958,-40.66641288682725,630957.3444801958,-40.6424923661041,630957.3444801958,-33.43826802957957,630957.3444801958,-36.9230220126602,630957.3444801958,-37.65891176845769,630957.3444801958,-38.10698587809085,630957.3444801958,-38.20413885281995,630957.3444801958,-29.44053487776081,630957.3444801958,-39.90098708100745,630957.3444801958,-42.51377565033279,630957.3444801958,-42.85921497425542,630957.3444801958,-42.87137695173414,630957.3444801958,-36.74022080529897,630957.3444801958,-38.77917585569595,630957.3444801958,-43.96813717950542,630957.3444801958,-44.3495892984461,630957.3444801958,-44.40084566573068,630957.3444801958,-38.5519362867184
794328.2347242847,-37.55137480854592,794328.2347242847,-39.09161778413717,794328.2347242847,-39.39507320986771,794328.2347242847,-39.36705658917929,794328.2347242847,-32.50782503756098,794328.2347242847,-37.25124745304018,794328.2347242847,-38.42226516750365,794328.2347242847,-38.70993879691844,794328.2347242847,-38.66858039287377,794328.2347242847,-31.44781754912002,794328.2347242847,-35.2538006955026,794328.2347242847,-35.97654166418337,794328.2347242847,-36.32706564803095,794328.2347242847,-36.33871943555703,794328.2347242847,-27.48138878472565,794328.2347242847,-37.95314916996645,794328.2347242847,-40.53065462379465,794328.2347242847,-40.87167354872686,794328.2347242847,-40.8804029036815,794328.2347242847,-34.74568225945985,794328.2347242847,-37.08371689035379,794328.2347242847,-41.97532090981278,794328.2347242847,-42.35572226556783,794328.2347242847,-42.40634747430131,794328.2347242847,-36.55538488453013
1000000.000000004,-35.55174744965794,1000000.000000004,-37.1166978115667,1000000.000000004,-37.41197767648546,1000000.000000004,-37.37740912325467,1000000.000000004,-30.51102727524176,1000000.000000004,-35.25636485902444,1000000.000000004,-36.46393319992168,1000000.000000004,-36.73755380792667,1000000.000000004,-36.68500816551633,1000000.000000004,-29.45291842218517,1000000.000000004,-33.47601932324543,1000000.000000004,-34.18967432202638,1000000.000000004,-34.47196224398791,1000000.000000004,-34.42579121991803,1000000.000000004,-25.5064377397991,1000000.000000004,-35.98573667319965,1000000.000000004,-38.54134380844297,1000000.000000004,-38.8796030798263,1000000.000000004,-38.88613280561835,1000000.000000004,-32.74846615929744,1000000.000000004,-35.28668262554803,1000000.000000004,-39.97979856424812,1000000.000000004,-40.35957804571419,1000000.000000004,-40.40978840574756,1000000.000000004,-34.55703797277906
1258925.411794172,-33.55069887521837,1258925.411794172,-35.13187640037671,1258925.411794172,-35.42200057740295,1258925.411794172,-35.38323387258453,1258925.411794172,-28.51149370171841,1258925.411794172,-33.25832393961612,1258925.411794172,-34.4896414594276,1258925.411794172,-34.75431421149484,1258925.411794172,-34.6945964725959,1258925.411794172,-27.45446993302114,1258925.411794172,-31.6210936249332,1258925.411794172,-32.32879543842002,1258925.411794172,-32.56496689859993,1258925.411794172,-32.48053807727348,1258925.411794172,-23.52071352434341,1258925.411794172,-34.00525002163918,1258925.411794172,-36.54763428776339,1258925.411794172,-36.88419058875692,1258925.411794172,-36.8892927651807,1258925.411794172,-30.74895353661412,1258925.411794172,-33.4185188924337,1258925.411794172,-37.9822190421853,1258925.411794172,-38.36165110828489,1258925.411794172,-38.41157331377669,1258925.411794172,-32.55705986317886
1584893.19246112,-31.54785262013844,1584893.19246112,-33.13988974472376,1584893.19246112,-33.42678779221712,1584893.19246112,-33.38530375882483,1584893.19246112,-26.5092228725142,1584893.19246112,-31.25731486134226,1584893.19246112,-32.50419845035116,1584893.19246112,-32.76321350474711,1584893.19246112,-32.69887403762908,1584893.19246112,-25.45273537009994,1584893.19246112,-29.71266036130706,1584893.19246112,-30.41667741076281,1584893.19246112,-30.62240666112282,1584893.19246112,-30.51299370479393,1584893.19246112,-21.52728378770637,1584893.19246112,-32.01561100972239,1584893.19246112,-34.55038012062682,1584893.19246112,-34.88590401583095,1584893.19246112,-34.89005378181889,1584893.19246112,-28.74707275295082,1584893.19246112,-31.50175120360475,1584893.19246112,-35.98272380032493,1584893.19246112,-36.36198282540794,1584893.19246112,-36.41168270129924,1584893.19246112,-30.55525574069496
1995262.314968888,-29.54262198844941,1995262.314968888,-31.14222009624357,1995262.314968888,-31.42712762084317,1995262.314968888,-31.38384394967924,1995262.314968888,-24.50390547283694,1995262.314968888,-29.25310957063205,1995262.314968888,-30.51043787348145,1995262.314968888,-30.76590813393333,1995262.314968888,-30.69854603407084,1995262.314968888,-23.44758656682215,1995262.314968888,-27.76723638690437,1995262.314968888,-28.4691937507053,1995262.314968888,-28.65514346400536,1995262.314968888,-28.52949256418775,1995262.314968888,-19.5280632378833,1995262.314968888,-30.01899535577837,1995262.314968888,-32.54984541171406,1995262.314968888,-32.88476694761705,1995262.314968888,-32.8882471890816,1995262.314968888,-26.74245544010302,1995262.314968888,-29.55191354839321,1995262.314968888,-33.98110611346064,1995262.314968888,-34.36030465744759,1995262.314968888,-34.40980549192226,1995262.314968888,-28.55117505659824
2511886.431509591,-27.53427517139297,2511886.431509591,-29.13957010778888,2511886.431509591,-29.42329240168961,2511886.431509591,-29.37876475841147,2511886.431509591,-22.49514581111853,2511886.431509591,-27.24519827508291,2511886.431509591,-28.50991883359909,2511886.431509591,-28.76321077699492,2511886.431509591,-28.69381092482322,2511886.431509591,-21.4387820923378,2511886.431509591,-25.79570000503738,2511886.431509591,-26.49682126528539,2511886.431509591,-26.67006168022541,2511886.431509591,-26.53380717338567,2511886.431509591,-17.52463433639047,2511886.431509591,-28.01643940919639,2511886.431509591,-30.5459660217626,2511886.431509591,-30.88057315003309,2511886.431509591,-30.88354226195805,2511886.431509591,-24.73462043333097,2511886.431509591,-27.5791597324151,2511886.431509591,-31.97697565594487,2511886.431509591,-32.35619408648247,2511886.431509591,-32.40548943459103,2511886.431509591,-26.54426375582588
3162277.660168393,-25.52204748774864,3162277.660168393,-27.13223287191597,3162277.660168393,-27.41532133063684,3162277.660168393,-27.36987856384957,3162277.660168393,-20.4828172364746,3162277.660168393,-25.23295365656097,3162277.660168393,-26.50346421432977,3162277.660168393,-26.75548664555173,3162277.660168393,-26.68464468853474,3162277.660168393,-19.42641220265422,3162277.660168393,-23.80491327745978,3162277.660168393,-24.50623504290513,3162277.660168393,-24.67139483974369,3162277.660168393,-24.52809951344916,3162277.660168393,-15.51939465459523,3162277.660168393,-26.00829509908441,3162277.660168393,-28.53855679905787,3162277.660168393,-28.87306386598719,3162277.660168393,-28.87560349417945,3162277.660168393,-22.72322539694642,3162277.660168393,-25.58984851072726,3162277.660168393,-29.96991035852288,3162277.660168393,-30.34922156355699,3162277.660168393,-30.39828669194653,3162277.660168393,-24.53406524798651
3981071.70553499,-23.50532047329311,3981071.70553499,-25.12044187164989,3981071.70553499,-25.40331751752975,3981071.70553499,-25.35716181216511,3981071.70553499,-18.46761482067898,3981071.70553499,-23.21587206235558,3981071.70553499,-24.49165501043574,3981071.70553499,-24.74305755306014,3981071.70553499,-24.67114045733108,3981071.70553499,-17.41161136778959,3981071.70553499,-21.79926929306363,3981071.70553499,-22.50182845038424,3981071.70553499,-22.66195163380127,3981071.70553499,-22.51384968309809,3981071.70553499,-13.51734790652987,3981071.70553499,-23.99457213532593,3981071.70553499,-26.52748781801274,3981071.70553499,-26.86208718938402,3981071.70553499,-26.86424201464924,3981071.70553499,-20.70839002917776,3981071.70553499,-23.58779881534662,3981071.70553499,-27.95955699189898,3981071.70553499,-28.33904893587202,3981071.70553499,-28.38785383758918,3981071.70553499,-22.52042354809853
5011872.336272745,-21.48376434887131,5011872.336272745,-23.10465180322183,5011872.336272745,-23.38770122650924,5011872.336272745,-23.34099208511214,5011872.336272745,-16.45168128547532,5011872.336272745,-21.19380469225824,5011872.336272745,-22.47525139563209,5011872.336272745,-22.72657122574568,5011872.336272745,-22.65384447461231,5011872.336272745,-15.39743328787315,5011872.336272745,-19.78206030328606,5011872.336272745,-20.48707594719352,5011872.336272745,-20.64424375426746,5011872.336272745,-20.49278164875572,5011872.336272745,-11.5285685194379,5011872.336272745,-21.97509053671173,5011872.336272745,-24.51276186250117,5011872.336272745,-24.84766927263262,5011872.336272745,-24.84948433832288,5011872.336272745,-18.69095217483823,5011872.336272745,-21.57504996583544,5011872.336272745,-25.94559459752697,5011872.336272745,-26.3253940976274,5011872.336272745,-26.37391738028788,5011872.336272745,-20.50354491730432
6309573.444801961,-19.4571781266052,6309573.444801961,-21.08553641760826,6309573.444801961,-21.36919886364397,6309573.444801961,-21.32212643774808,6309573.444801961,-14.43894184113826,6309573.444801961,-19.16689996063362,6309573.444801961,-20.4553157544679,6309573.444801961,-20.70710015122063,6309573.444801961,-20.63383478124178,6309573.444801961,-13.38948182583246,6309573.444801961,-17.75638800194413,6309573.444801961,-18.46547511478614,6309573.444801961,-18.62126578610581,6309573.444801961,-18.46751257219402,6309573.444801961,-9.570675516856621,6309573.444801961,-19.94924885568422,6309573.444801961,-22.49432190932512,6309573.444801961,-22.82982448502232,6309573.444801961,-22.83137766950457,6309573.444801961,-16.6723813402925,6309573.444801961,-19.55198956626203,6309573.444801961,-23.92743405562113,6309573.444801961,-24.30773586212488,6309573.444801961,-24.35597392237047,6309573.444801961,-18.48371544731733
7943282.347242852,-17.42479015393375,7943282.347242852,-19.06350996849158,7943282.347242852,-19.34837096317865,7943282.347242852,-19.30121504943787,7943282.347242852,-12.43486450726576,7943282.347242852,-17.13497025293707,7943282.347242852,-18.43279845592344,7943282.347242852,-18.68572409436481,7943282.347242852,-18.61228294051237,7943282.347242852,-11.39590823804362,7943282.347242852,-15.72519178401849,7943282.347242852,-16.44066053891722,7943282.347242852,-16.59650695920125,7943282.347242852,-16.44146805974619,7943282.347242852,-7.670027753391766,7943282.347242852,-17.91528554044881,7943282.347242852,-20.47148200529503,7943282.347242852,-20.80799749169294,7943282.347242852,-20.80942087752652,7943282.347242852,-14.6542200227817,7943282.347242852,-17.51684229347184,7943282.347242852,-21.90360923541261,7943282.347242852,-22.28471524622727,7943282.347242852,-22.3326796083275,7943282.347242852,-16.46063240766592
10000000.00000005,-15.38409110521718,10000000.00000005,-17.03786255316784,10000000.00000005,-17.32476986442994,10000000.00000005,-17.27794506104485,10000000.00000005,-10.44593344200054,10000000.00000005,-15.09632344657749,10000000.00000005,-16.40765223073654,10000000.00000005,-16.6626611105816,10000000.00000005,-16.58956588392954,10000000.00000005,-9.427013501767759,10000000.00000005,-13.69028755843314,10000000.00000005,-14.41559504531326,10000000.00000005,-14.57308905815375,10000000.00000005,-14.41793979494274,10000000.00000005,-5.860752610850276,10000000.00000005,-15.86915263602191,10000000.00000005,-18.44209006436958,10000000.00000005,-18.78024671585179,10000000.00000005,-18.78173547260792,10000000.00000005,-12.63733205694231,10000000.00000005,-15.46469640734216,10000000.00000005,-19.87095823222507,10000000.00000005,-20.25333230196288,10000000.00000005,-20.30103163002717,10000000.00000005,-14.43257818834741
12589254.11794173,-13.32946461608619,12589254.11794173,-15.0057720318511,12589254.11794173,-15.29599211752335,12589254.11794173,-15.25009403374727,12589254.11794173,-8.479549959495404,12589254.11794173,-13.04637624333616,12589254.11794173,-14.37779457305607,12589254.11794173,-14.63626952657923,12589254.11794173,-14.56426824403108,12589254.11794173,-7.495276432586927,12589254.11794173,-11.65089616735584,12589254.11794173,-12.39131587246133,12589254.11794173,-12.55251173004446,12589254.11794173,-12.39879013375718,12589254.11794173,-4.181851194284089,12589254.11794173,-13.80316158771007,12589254.11794173,-16.40156466976672,12589254.11794173,-16.74231183845635,12589254.11794173,-16.74412648404699,12589254.11794173,-10.62138390783212,12589254.11794173,-13.38617976258037,12589254.11794173,-17.82364230639805,12589254.11794173,-18.207985180071,12589254.11794173,-18.2553901095664,12589254.11794173,-12.39564654745197
15848931.92461121,-11.25056593560342,15848931.92461121,-12.96114265321572,15848931.92461121,-13.25657463691427,15848931.92461121,-13.21245008155216,15848931.92461121,-6.544707318559605,15848931.92461121,-10.97608443001379,15848931.92461121,-12.33795018077141,15848931.92461121,-12.6019536608492,15848931.92461121,-12.5321226663359,15848931.92461121,-5.616237326242116,15848931.92461121,-9.602106072048363,15848931.92461121,-10.36565993364959,15848931.92461121,-10.5334390856082,15848931.92461121,-10.38327866252252,15848931.92461121,-2.672657489869539,15848931.92461121,-11.70422761612977,15848931.92461121,-14.3416355323238,15848931.92461121,-14.68639090843471,15848931.92461121,-14.68885575055442,15848931.92461121,-8.60463005815169,15848931.92461121,-11.26556567164415,15848931.92461121,-15.75177046980867,15848931.92461121,-16.13911287731386,15848931.92461121,-16.18609207960988,15848931.92461121,-10.34288581439713
19952623.14968889,-9.129851049086239,19952623.14968889,-10.89264825408611,19952623.14968889,-11.19609895971403,19952623.14968889,-11.15495519785767,19952623.14968889,-4.653090572270743,19952623.14968889,-8.869599238254018,19952623.14968889,-10.27775331923234,19952623.14968889,-10.55034178605232,19952623.14968889,-10.48425592267869,19952623.14968889,-3.809673148552171,19952623.14968889,-7.532872561271271,19952623.14968889,-8.331506016548559,19952623.14968889,-8.510061714928854,19952623.14968889,-8.366568142634195,19952623.14968889,-1.366093384549322,19952623.14968889,-9.55116138334944,19952623.14968889,-12.24822037914279,19952623.14968889,-12.59904331959376,19952623.14968889,-12.6025248195319,19952623.14968889,-6.583729350477571,19952623.14968889,-9.07782690399485,19952623.14968889,-13.63912443050005,19952623.14968889,-14.03091748720342,19952623.14968889,-14.07710837148116,19952623.14968889,-8.262972905360604
25118864.31509592,-6.938386079191409,25118864.31509592,-8.77994182312262,25118864.31509592,-9.095422778114532,25118864.31509592,-9.058967416176806,25118864.31509592,-2.820156282776078,25118864.31509592,-6.700191106983004,25118864.31509592,-8.177988435930157,25118864.31509592,-8.463574836930391,25118864.31509592,-8.403565512212072,25118864.31509592,-2.100083591694292,25118864.31509592,-5.422447217673264,25118864.31509592,-6.273236101054884,25118864.31509592,-6.468700105184362,25118864.31509592,-6.336582227832319,25118864.31509592,-0.2804726926582759,25118864.31509592,-7.310367460403653,25118864.31509592,-10.09763789651883,25118864.31509592,-10.45737595551749,25118864.31509592,-10.46218694285452,25118864.31509592,-4.553569839305533,25118864.31509592,-6.78419365256102,25118864.31509592,-11.45936778769885,25118864.31509592,-11.85750884377943,25118864.31509592,-11.90204386020251,25118864.31509592,-6.138218674680089
31622776.60168395,-4.629404561400313,31622776.60168395,-6.586996048291268,31622776.60168395,-6.919906968483594,31622776.60168395,-6.890457045817922,31622776.60168395,-1.066840520453517,31622776.60168395,-4.423796640687592,31622776.60168395,-6.003845904951988,31622776.60168395,-6.308486325485463,31622776.60168395,-6.257968410106487,31622776.60168395,-0.5164612452568053,31622776.60168395,-3.234541415101095,31622776.60168395,-4.160255780845516,31622776.60168395,-4.381383913997131,31622776.60168395,-4.267944217247646,31622776.60168395,0.585735048081215,31622776.60168395,-4.929716793082543,31622776.60168395,-7.850464533594983,31622776.60168395,-8.22274022687289,31622776.60168395,-8.228849503217928,31622776.60168395,-2.508523754319373,31622776.60168395,-4.326247385801708,31622776.60168395,-9.170354652361217,31622776.60168395,-9.577024425146325,31622776.60168395,-9.617975713125164,31622776.60168395,-3.942859527037004
39810717.05534992,-2.130782793288785,39810717.05534992,-4.252825958221956,39810717.05534992,-4.609739281570238,39810717.05534992,-4.590113502876254,39810717.05534992,0.5746298577032501,39810717.05534992,-1.971371198026882,39810717.05534992,-3.695475520617562,39810717.05534992,-4.026787745403361,39810717.05534992,-3.990516024430256,39810717.05534992,0.906080378763382,39810717.05534992,-0.9111447088935226,39810717.05534992,-1.93866150670238,39810717.05534992,-2.197246286979853,39810717.05534992,-2.11375108729723,39810717.05534992,1.250851076070716,39810717.05534992,-2.331809180381359,39810717.05534992,-5.443541938933313,39810717.05534992,-5.83236329255394,39810717.05534992,-5.838689745398116,39810717.05534992,-0.4508344967811997,39810717.05534992,-1.619811082648854,39810717.05534992,-6.707427725787778,39810717.05534992,-7.12459205178297,39810717.05534992,-7.15795287499643,39810717.05534992,-1.64674669721845
50118723.36272748,0.6582065010969091,50118723.36272748,-1.684281718829236,50118723.36272748,-2.071997712507559,50118723.36272748,-2.064797014601443,50118723.36272748,2.044991138526572,50118723.36272748,0.7540687606524238,50118723.36272748,-1.160906758687431,50118723.36272748,-1.527210792875464,50118723.36272748,-1.511076732588795,50118723.36272748,2.118846042937911,50118723.36272748,1.62579138655034,50118723.36272748,0.4717379548500364,50118723.36272748,0.1614764257801538,50118723.36272748,0.1983038088967237,50118723.36272748,1.73910226222893,50118723.36272748,0.5892310408584607,50118723.36272748,-2.784295863164966,50118723.36272748,-3.193177715085328,50118723.36272748,-3.196162526164799,50118723.36272748,1.579414027819793,50118723.36272748,1.448388364791291,50118723.36272748,-3.979836138865994,50118723.36272748,-4.408480451565822,50118723.36272748,-4.426541423976265,50118723.36272748,0.7584590650486146
63095734.44801965,3.855062949416297,63095734.44801965,1.237385964450429,63095734.44801965,0.8133503233506548,63095734.44801965,0.8074150277170111,63095734.44801965,3.23895105220745,63095734.44801965,3.863119219784553,63095734.44801965,1.715859020503597,63095734.44801965,1.307238369557502,63095734.44801965,1.297253549261649,63095734.44801965,3.053081770876811,63095734.44801965,4.447540675872952,63095734.44801965,3.159066375523219,63095734.44801965,2.783231751198199,63095734.44801965,2.749989474092847,63095734.44801965,2.071061834866125,63095734.44801965,3.961010439230018,63095734.44801965,0.2436936809272901,63095734.44801965,-0.1874097599529812,63095734.44801965,-0.1786741863849489,63095734.44801965,3.438487009936692,63095734.44801965,5.018825270067939,63095734.44801965,-0.8774041054510433,63095734.44801965,-1.317205101447627,63095734.44801965,-1.306260478295756,63095734.44801965,3.172759737924284
79432823.47242856,7.550778845766471,79432823.47242856,4.624467654575949,79432823.47242856,4.160877700650794,79432823.47242856,4.144232995797609,79432823.47242856,4.031961240621542,79432823.47242856,7.42847314673467,79432823.47242856,5.037196559762822,79432823.47242856,4.581777285912432,79432823.47242856,4.539855099050741,79432823.47242856,3.645740919816113,79432823.47242856,7.54091961228057,79432823.47242856,6.160338468586785,79432823.47242856,5.711959189867591,79432823.47242856,5.576672419823891,79432823.47242856,2.266047371144791,79432823.47242856,7.908933406141457,79432823.47242856,3.758594784621712,79432823.47242856,3.303989001006352,79432823.47242856,3.340353541956326,79432823.47242856,4.839153530940013,79432823.47242856,9.250300361845259,79432823.47242856,2.712346767844895,79432823.47242856,2.261723906890044,79432823.47242856,2.324737122703818,79432823.47242856,5.237573565847081
100000000,11.66822371136254,100000000,8.519238279385091,100000000,8.016582787576487,100000000,7.98753368940621,100000000,4.389983835944196,100000000,11.33151398639515,100000000,8.811639596832922,100000000,8.311662650612606,100000000,8.222722411582007,100000000,3.905835063523347,100000000,10.64500768090874,100000000,9.343482789470626,100000000,8.838834508684428,100000000,8.556473742606499,100000000,2.353440303744364,100000000,12.45371081836725,100000000,7.849190603187878,100000000,7.368771220617043,100000000,7.455131758820499,100000000,5.538501386264753,100000000,14.21993142306217,100000000,6.894897992588555,100000000,6.430759288719801,100000000,6.58331574866005,100000000,6.420809673323596
