"PSR (Temp=0,VREF_PSR=0.05) X","PSR (Temp=0,VREF_PSR=0.05) Y","PSR (Temp=0,VREF_PSR=0.25) X","PSR (Temp=0,VREF_PSR=0.25) Y","PSR (Temp=0,VREF_PSR=0.45) X","PSR (Temp=0,VREF_PSR=0.45) Y","PSR (Temp=0,VREF_PSR=0.65) X","PSR (Temp=0,VREF_PSR=0.65) Y","PSR (Temp=0,VREF_PSR=0.85) X","PSR (Temp=0,VREF_PSR=0.85) Y","PSR (Temp=27,VREF_PSR=0.05) X","PSR (Temp=27,VREF_PSR=0.05) Y","PSR (Temp=27,VREF_PSR=0.25) X","PSR (Temp=27,VREF_PSR=0.25) Y","PSR (Temp=27,VREF_PSR=0.45) X","PSR (Temp=27,VREF_PSR=0.45) Y","PSR (Temp=27,VREF_PSR=0.65) X","PSR (Temp=27,VREF_PSR=0.65) Y","PSR (Temp=27,VREF_PSR=0.85) X","PSR (Temp=27,VREF_PSR=0.85) Y","PSR (Temp=125,VREF_PSR=0.05) X","PSR (Temp=125,VREF_PSR=0.05) Y","PSR (Temp=125,VREF_PSR=0.25) X","PSR (Temp=125,VREF_PSR=0.25) Y","PSR (Temp=125,VREF_PSR=0.45) X","PSR (Temp=125,VREF_PSR=0.45) Y","PSR (Temp=125,VREF_PSR=0.65) X","PSR (Temp=125,VREF_PSR=0.65) Y","PSR (Temp=125,VREF_PSR=0.85) X","PSR (Temp=125,VREF_PSR=0.85) Y","PSR (Temp=-55,VREF_PSR=0.05) X","PSR (Temp=-55,VREF_PSR=0.05) Y","PSR (Temp=-55,VREF_PSR=0.25) X","PSR (Temp=-55,VREF_PSR=0.25) Y","PSR (Temp=-55,VREF_PSR=0.45) X","PSR (Temp=-55,VREF_PSR=0.45) Y","PSR (Temp=-55,VREF_PSR=0.65) X","PSR (Temp=-55,VREF_PSR=0.65) Y","PSR (Temp=-55,VREF_PSR=0.85) X","PSR (Temp=-55,VREF_PSR=0.85) Y","PSR (Temp=-100,VREF_PSR=0.05) X","PSR (Temp=-100,VREF_PSR=0.05) Y","PSR (Temp=-100,VREF_PSR=0.25) X","PSR (Temp=-100,VREF_PSR=0.25) Y","PSR (Temp=-100,VREF_PSR=0.45) X","PSR (Temp=-100,VREF_PSR=0.45) Y","PSR (Temp=-100,VREF_PSR=0.65) X","PSR (Temp=-100,VREF_PSR=0.65) Y","PSR (Temp=-100,VREF_PSR=0.85) X","PSR (Temp=-100,VREF_PSR=0.85) Y"
1,-68.25915166735278,1,-57.20951369493785,1,-59.27838924890926,1,-61.42490443212866,1,-58.09096227128143,1,-61.64398495874279,1,-54.34230008957628,1,-56.453215495839,1,-58.70734521682881,1,-55.41086292557108,1,-43.96096165645803,1,-44.87938617918455,1,-46.89068370887178,1,-49.11048950106549,1,-45.34022293524449,1,-54.75872259034642,1,-62.45818361792737,1,-64.21077905071625,1,-65.70634544335425,1,-61.09931534546671,1,-46.13152610063054,1,-67.61417212687823,1,-68.76227590864147,1,-69.30157023324305,1,-64.81446907074769
1.258925411794167,-68.25915166258116,1.258925411794167,-57.20951369469158,1.258925411794167,-59.27838924856329,1.258925411794167,-61.42490443150329,1.258925411794167,-58.09096226983741,1.258925411794167,-61.64398495763901,1.258925411794167,-54.34230008940654,1.258925411794167,-56.45321549561337,1.258925411794167,-58.70734521642596,1.258925411794167,-55.41086292457763,1.258925411794167,-43.96096165643207,1.258925411794167,-44.87938617916264,1.258925411794167,-46.89068370883324,1.258925411794167,-49.11048950099309,1.258925411794167,-45.34022293500426,1.258925411794167,-54.75872259015802,1.258925411794167,-62.45818361726195,1.258925411794167,-64.21077904987547,1.258925411794167,-65.70634544216337,1.258925411794167,-61.09931534374181,1.258925411794167,-46.13152610059934,1.258925411794167,-67.61417212555415,1.258925411794167,-68.76227590701043,1.258925411794167,-69.3015702310054,1.258925411794167,-64.81446906807284
1.584893192461114,-68.25915165508187,1.584893192461114,-57.20951369429469,1.584893192461114,-59.27838924794747,1.584893192461114,-61.42490443046521,1.584893192461114,-58.09096226755288,1.584893192461114,-61.64398495590825,1.584893192461114,-54.34230008916298,1.584893192461114,-56.45321549522925,1.584893192461114,-58.70734521580072,1.584893192461114,-55.41086292301021,1.584893192461114,-43.96096165639579,1.584893192461114,-44.87938617911929,1.584893192461114,-46.89068370876335,1.584893192461114,-49.11048950088717,1.584893192461114,-45.34022293462569,1.584893192461114,-54.75872258985942,1.584893192461114,-62.45818361635408,1.584893192461114,-64.21077904850335,1.584893192461114,-65.70634544025845,1.584893192461114,-61.09931534100287,1.584893192461114,-46.1315261005486,1.584893192461114,-67.61417212318341,1.584893192461114,-68.76227590422448,1.584893192461114,-69.30157022761688,1.584893192461114,-64.814469063827
1.99526231496888,-68.25915164315639,1.99526231496888,-57.20951369367035,1.99526231496888,-59.27838924698566,1.99526231496888,-61.42490442886692,1.99526231496888,-58.09096226393019,1.99526231496888,-61.64398495315432,1.99526231496888,-54.34230008882524,1.99526231496888,-56.45321549466748,1.99526231496888,-58.70734521476219,1.99526231496888,-55.41086292051755,1.99526231496888,-43.96096165632815,1.99526231496888,-44.87938617905062,1.99526231496888,-46.89068370867163,1.99526231496888,-49.11048950070533,1.99526231496888,-45.34022293402441,1.99526231496888,-54.75872258937772,1.99526231496888,-62.4581836147445,1.99526231496888,-64.21077904637869,1.99526231496888,-65.70634543719227,1.99526231496888,-61.0993153366722,1.99526231496888,-46.13152610047182,1.99526231496888,-67.61417211948483,1.99526231496888,-68.76227589980897,1.99526231496888,-69.30157022348496,1.99526231496888,-64.81446905711961
2.511886431509581,-68.25915162423914,2.511886431509581,-57.20951369264535,2.511886431509581,-59.27838924545301,2.511886431509581,-61.42490442635955,2.511886431509581,-58.09096225818461,2.511886431509581,-61.64398494879736,2.511886431509581,-54.34230008821348,2.511886431509581,-56.45321549369763,2.511886431509581,-58.70734521322481,2.511886431509581,-55.41086291656942,2.511886431509581,-43.96096165623454,2.511886431509581,-44.87938617894449,2.511886431509581,-46.89068370850464,2.511886431509581,-49.11048950043254,2.511886431509581,-45.34022293307058,2.511886431509581,-54.75872258861077,2.511886431509581,-62.45818361229934,2.511886431509581,-64.21077904293193,2.511886431509581,-65.70634543239213,2.511886431509581,-61.0993153297988,2.511886431509581,-46.13152610035379,2.511886431509581,-67.61417211366013,2.511886431509581,-68.76227589293778,2.511886431509581,-69.30157021587701,2.511886431509581,-64.81446904648452
3.16227766016838,-68.25915159422424,3.16227766016838,-57.20951369103205,3.16227766016838,-59.27838924302976,3.16227766016838,-61.4249044223719,3.16227766016838,-58.09096224908694,3.16227766016838,-61.64398494187022,3.16227766016838,-54.34230008725194,3.16227766016838,-56.45321549229129,3.16227766016838,-58.70734521070948,3.16227766016838,-55.41086291031598,3.16227766016838,-43.96096165608048,3.16227766016838,-44.8793861787828,3.16227766016838,-46.8906837082468,3.16227766016838,-49.11048949999118,3.16227766016838,-45.34022293156203,3.16227766016838,-54.75872258739668,3.16227766016838,-62.45818360844097,3.16227766016838,-64.2107790375193,3.16227766016838,-65.70634542471993,3.16227766016838,-61.09931531891262,3.16227766016838,-46.13152610017352,3.16227766016838,-67.61417210451796,3.16227766016838,-68.76227588193107,3.16227766016838,-69.30157020305742,3.16227766016838,-64.8144689958793
3.981071705534974,-68.25915154686706,3.981071705534974,-57.20951368849095,3.981071705534974,-59.27838923922939,3.981071705534974,-61.42490441599119,3.981071705534974,-58.09096223466516,3.981071705534974,-61.64398493090694,3.981071705534974,-54.34230008576351,3.981071705534974,-56.45321548996316,3.981071705534974,-58.7073452067207,3.981071705534974,-55.41086290040527,3.981071705534974,-43.96096165583062,3.981071705534974,-44.87938617852293,3.981071705534974,-46.89068370784779,3.981071705534974,-49.11048949928707,3.981071705534974,-45.34022292916838,3.981071705534974,-54.75872258547883,3.981071705534974,-62.45818360217562,3.981071705534974,-64.21077902893663,3.981071705534974,-65.7063454126322,3.981071705534974,-61.09931530164817,3.981071705534974,-46.13152609987402,3.981071705534974,-67.61417208990486,3.981071705534974,-68.7622758645217,3.981071705534974,-69.30157018405713,3.981071705534974,-64.81446896916093
5.011872336272725,-68.2591514715149,5.011872336272725,-57.20951368446633,5.011872336272725,-59.27838923317057,5.011872336272725,-61.42490440591927,5.011872336272725,-58.09096221180911,5.011872336272725,-61.64398491352497,5.011872336272725,-54.3423000833602,5.011872336272725,-56.45321548629633,5.011872336272725,-58.70734520044202,5.011872336272725,-55.41086288468785,5.011872336272725,-43.9609616554411,5.011872336272725,-44.87938617810855,5.011872336272725,-46.89068370721368,5.011872336272725,-49.11048949815954,5.011872336272725,-45.3402229253747,5.011872336272725,-54.75872258243369,5.011872336272725,-62.45818359240102,5.011872336272725,-64.21077901534014,5.011872336272725,-65.70634539340472,5.011872336272725,-61.09931527431368,5.011872336272725,-46.13152609941967,5.011872336272725,-67.61417206664265,5.011872336272725,-68.76227583687321,5.011872336272725,-69.30157015264837,5.011872336272725,-64.81446892675969
6.309573444801935,-68.2591513522601,6.309573444801935,-57.20951367812211,6.309573444801935,-59.27838922355245,6.309573444801935,-61.42490438999105,6.309573444801935,-58.0909621755699,6.309573444801935,-61.64398488602282,6.309573444801935,-54.34230007958867,6.309573444801935,-56.4532154804736,6.309573444801935,-58.7073451904554,6.309573444801935,-55.41086285978979,6.309573444801935,-43.96096165481824,6.309573444801935,-44.87938617744886,6.309573444801935,-46.89068370619755,6.309573444801935,-49.11048949639176,6.309573444801935,-45.34022291936383,6.309573444801935,-54.75872257760826,6.309573444801935,-62.45818357689892,6.309573444801935,-64.21077899381805,6.309573444801935,-65.70634536304016,6.309573444801935,-61.09931523098699,6.309573444801935,-46.13152609867692,6.309573444801935,-67.61417203006472,6.309573444801935,-68.762275793141,6.309573444801935,-69.30157010493633,6.309573444801935,-64.81446885959855
7.943282347242818,-68.25915135798759,7.943282347242818,-57.20951366804004,7.943282347242818,-59.27838920826832,7.943282347242818,-61.42490436464458,7.943282347242818,-58.09096211814031,7.943282347242818,-61.64398484237857,7.943282347242818,-54.3423000735836,7.943282347242818,-56.45321547127747,7.943282347242818,-58.70734517465626,7.943282347242818,-55.4108628203357,7.943282347242818,-43.9609616538359,7.943282347242818,-44.87938617640913,7.943282347242818,-46.89068370458562,7.943282347242818,-49.11048949359122,7.943282347242818,-45.34022290983903,7.943282347242818,-54.758722569981,7.943282347242818,-62.45818355228331,7.943282347242818,-64.21077895962613,7.943282347242818,-65.70634531477134,7.943282347242818,-61.09931516230115,7.943282347242818,-46.13152609749981,7.943282347242818,-67.61417197192829,7.943282347242818,-68.76227572383657,7.943282347242818,-69.30157002611118,7.943282347242818,-64.81446875313718
10.00000000000001,-68.25915105847758,10.00000000000001,-57.20951365206356,10.00000000000001,-59.27838918414962,10.00000000000001,-61.42490432464091,10.00000000000001,-58.09096202714185,10.00000000000001,-61.64398477325638,10.00000000000001,-54.34230006408079,10.00000000000001,-56.45321545663995,10.00000000000001,-58.70734514968911,10.00000000000001,-55.41086275778212,10.00000000000001,-43.96096165227345,10.00000000000001,-44.87938617475715,10.00000000000001,-46.89068370204131,10.00000000000001,-49.11048948914689,10.00000000000001,-45.34022289474247,10.00000000000001,-54.75872255789072,10.00000000000001,-62.45818351326992,10.00000000000001,-64.21077890552493,10.00000000000001,-65.70634523855503,10.00000000000001,-61.09931505340883,10.00000000000001,-46.13152609565962,10.00000000000001,-67.61417187954343,10.00000000000001,-68.76227561381212,10.00000000000001,-69.30156986437342,10.00000000000001,-64.81446858439695
12.58925411794168,-68.25915058358815,12.58925411794168,-57.20951362670859,12.58925411794168,-59.27838914591876,12.58925411794168,-61.42490426114298,12.58925411794168,-58.09096188290872,12.58925411794168,-61.64398466364214,12.58925411794168,-54.34230004902759,12.58925411794168,-56.45321543347143,12.58925411794168,-58.70734510998735,12.58925411794168,-55.41086265862747,12.58925411794168,-43.96096164979193,12.58925411794168,-44.87938617214759,12.58925411794168,-46.89068369799333,12.58925411794168,-49.11048948211018,12.58925411794168,-45.34022287082889,12.58925411794168,-54.7587225387461,12.58925411794168,-62.45818345139455,12.58925411794168,-64.21077881974816,12.58925411794168,-65.70634511749874,12.58925411794168,-61.09931488083666,12.58925411794168,-46.13152609271766,12.58925411794168,-67.61417173341289,12.58925411794168,-68.7622754400155,12.58925411794168,-69.30156967000377,12.58925411794168,-64.8144683170589
15.84893192461115,-68.25914983102504,15.84893192461115,-57.20951358654069,15.84893192461115,-59.2783890852596,15.84893192461115,-61.42490416040572,15.84893192461115,-58.0909616543079,15.84893192461115,-61.64398449002744,15.84893192461115,-54.34230002516335,15.84893192461115,-56.45321539679295,15.84893192461115,-58.70734504704122,15.84893192461115,-55.41086250150891,15.84893192461115,-43.96096164586756,15.84893192461115,-44.8793861680066,15.84893192461115,-46.89068369158406,15.84893192461115,-49.11048947094942,15.84893192461115,-45.34022283289858,15.84893192461115,-54.75872250833687,15.84893192461115,-62.45818335344375,15.84893192461115,-64.21077868380826,15.84893192461115,-65.70634492564078,15.84893192461115,-61.0993146073297,15.84893192461115,-46.13152608805852,15.84893192461115,-67.6141715019024,15.84893192461115,-68.76227516374165,15.84893192461115,-69.30156936185851,15.84893192461115,-64.81446789322501
19.95262314968881,-68.25914863815763,19.95262314968881,-57.2095135229422,19.95262314968881,-59.2783889891069,19.95262314968881,-61.42490400079588,19.95262314968881,-58.09096129211579,19.95262314968881,-61.64398421489424,19.95262314968881,-54.34229998735167,19.95262314968881,-56.45321533856551,19.95262314968881,-58.7073449473478,19.95262314968881,-55.41086225247822,19.95262314968881,-43.9609616396633,19.95262314968881,-44.87938616144751,19.95262314968881,-46.89068368142618,19.95262314968881,-49.11048945327825,19.95262314968881,-45.34022277280059,19.95262314968881,-54.75872255092622,19.95262314968881,-62.45818317110704,19.95262314968881,-64.21077846828712,19.95262314968881,-65.70634462154904,19.95262314968881,-61.09931417391194,19.95262314968881,-46.13152608067491,19.95262314968881,-67.61417113478886,19.95262314968881,-68.76227472612396,19.95262314968881,-69.30156887082688,19.95262314968881,-64.81446722154948
25.11886431509582,-68.25914674763733,25.11886431509582,-57.20951342207662,25.11886431509582,-59.27838883671998,25.11886431509582,-61.42490374785864,25.11886431509582,-58.09096071790353,25.11886431509582,-61.64398377865704,25.11886431509582,-54.34229992741361,25.11886431509582,-56.4532152464814,25.11886431509582,-58.70734478932989,25.11886431509582,-55.41086185782039,25.11886431509582,-43.96096161770198,25.11886431509582,-44.87938615104211,25.11886431509582,-46.89068366534094,25.11886431509582,-49.1104894057182,25.11886431509582,-45.34022267755178,25.11886431509582,-54.75872251997006,25.11886431509582,-62.45818289792255,25.11886431509582,-64.21077812686902,25.11886431509582,-65.7063441396344,25.11886431509582,-61.09931348692683,25.11886431509582,-46.13152606897265,25.11886431509582,-67.61417055305368,25.11886431509582,-68.76227403252993,25.11886431509582,-69.30156809887364,25.11886431509582,-64.81446612309267
31.62277660168382,-68.25914375158335,31.62277660168382,-57.20951326228938,31.62277660168382,-59.27838859520658,31.62277660168382,-61.42490331204399,31.62277660168382,-58.09095978808364,31.62277660168382,-61.64398308730475,31.62277660168382,-54.34229983244175,31.62277660168382,-56.45321509907008,31.62277660168382,-58.70734453888698,31.62277660168382,-55.41086119463565,31.62277660168382,-43.96096160207988,31.62277660168382,-44.87938613380249,31.62277660168382,-46.89068363987396,31.62277660168382,-49.1104893613121,31.62277660168382,-45.34022252595266,31.62277660168382,-54.75872239899964,31.62277660168382,-62.45818250780878,31.62277660168382,-64.21077758573182,31.62277660168382,-65.70634337598382,31.62277660168382,-61.099312398142,31.62277660168382,-46.13152605044233,31.62277660168382,-67.61416963098492,31.62277660168382,-68.76227288874716,31.62277660168382,-69.30156684608347,31.62277660168382,-64.81446443601438
39.81071705534977,-68.25913900297857,39.81071705534977,-57.20951297561756,39.81071705534977,-59.27838821068255,39.81071705534977,-61.42490267662838,39.81071705534977,-58.09095834574673,39.81071705534977,-61.64398199161013,39.81071705534977,-54.34229968189356,39.81071705534977,-56.45321486599989,39.81071705534977,-58.70734414200233,39.81071705534977,-55.41086020331331,39.81071705534977,-43.96096157742779,39.81071705534977,-44.87938609232391,39.81071705534977,-46.89068359965342,39.81071705534977,-49.11048929153101,39.81071705534977,-45.34022228666795,39.81071705534977,-54.75872220720736,39.81071705534977,-62.45818188942361,39.81071705534977,-64.21077670291011,39.81071705534977,-65.70634213890335,39.81071705534977,-61.09931062340667,39.81071705534977,-46.13152602106636,39.81071705534977,-67.61416816968023,39.81071705534977,-68.76227114642377,39.81071705534977,-69.30156485853713,39.81071705534977,-64.81446176191464
50.11872336272729,-68.25913147705414,50.11872336272729,-57.20951257227151,50.11872336272729,-59.27838757278221,50.11872336272729,-61.42490166961978,50.11872336272729,-58.09095603889761,50.11872336272729,-61.64398025529702,50.11872336272729,-54.34229944321888,50.11872336272729,-56.453214485533,50.11872336272729,-58.70734351288687,50.11872336272729,-55.41085863121235,50.11872336272729,-43.96096153828361,50.11872336272729,-44.87938605091381,50.11872336272729,-46.89068353485776,50.11872336272729,-49.11048917919428,50.11872336272729,-45.34022190744493,50.11872336272729,-54.75872190331767,50.11872336272729,-62.4581809094048,50.11872336272729,-64.21077531830724,50.11872336272729,-65.70634021788509,50.11872336272729,-61.0993078885267,50.11872336272729,-46.13152597675056,50.11872336272729,-67.6141657961155,50.11872336272729,-68.76226838483171,50.11872336272729,-69.30156177267777,50.11872336272729,-64.81445749005948
63.0957344480194,-68.25911954900339,63.0957344480194,-57.20951193589539,63.0957344480194,-59.2783866096937,63.0957344480194,-61.42490005594338,63.0957344480194,-58.09095241502114,63.0957344480194,-61.6439775030546,63.0957344480194,-54.34229906504608,63.0957344480194,-56.45321390376155,63.0957344480194,-58.70734251599336,63.0957344480194,-55.41085614100869,63.0957344480194,-43.96096147369013,63.0957344480194,-44.87938598526087,63.0957344480194,-46.89068343346678,63.0957344480194,-49.11048900156888,63.0957344480194,-45.34022130648671,63.0957344480194,-54.7587214266567,63.0957344480194,-62.45817935616323,63.0957344480194,-64.21077316382473,63.0957344480194,-65.70633712393629,63.0957344480194,-61.09930355383246,63.0957344480194,-46.13152590538358,63.0957344480194,-67.61416212535617,63.0957344480194,-68.76226393910355,63.0957344480194,-69.30155681766553,63.0957344480194,-64.81445072260857
79.43282347242825,-68.2591006656864,79.43282347242825,-57.20951089237281,79.43282347242825,-59.27838507044802,79.43282347242825,-61.42489750690286,79.43282347242825,-58.0909466137209,79.43282347242825,-61.64397313286092,79.43282347242825,-54.34229846568174,79.43282347242825,-56.45321298028478,79.43282347242825,-58.70734090466368,79.43282347242825,-55.41085215679431,79.43282347242825,-43.96096137400787,79.43282347242825,-44.87938587381998,79.43282347242825,-46.89068327110697,79.43282347242825,-49.11048871074536,79.43282347242825,-45.34022032591098,79.43282347242825,-54.75872066838747,79.43282347242825,-62.45817689446604,79.43282347242825,-64.21076972148775,79.43282347242825,-65.70633230524695,79.43282347242825,-61.0992966332856,79.43282347242825,-46.13152578842061,79.43282347242825,-67.61415621823157,79.43282347242825,-68.76225698033824,79.43282347242825,-69.30154899307935,79.43282347242825,-64.81443999171812
100.0000000000001,-68.25907096585703,100.0000000000001,-57.2095092923978,100.0000000000001,-59.27838263878844,100.0000000000001,-61.42489344345878,100.0000000000001,-58.09093745403426,100.0000000000001,-61.64396619928036,100.0000000000001,-54.34229748386891,100.0000000000001,-56.45321147848992,100.0000000000001,-58.70733835380849,100.0000000000001,-55.41084586412685,100.0000000000001,-43.96096121670557,100.0000000000001,-44.87938569221509,100.0000000000001,-46.89068299921481,100.0000000000001,-49.11048826715092,100.0000000000001,-45.34021878674497,100.0000000000001,-54.75871946334213,100.0000000000001,-62.45817295999988,100.0000000000001,-64.21076420362375,100.0000000000001,-65.70632458796467,100.0000000000001,-61.09928564725637,100.0000000000001,-46.13152560303884,100.0000000000001,-67.61414696911041,100.0000000000001,-68.76224585114336,100.0000000000001,-69.30153658050349,100.0000000000001,-64.81442303541802
125.8925411794169,-68.25902348127892,125.8925411794169,-57.20950672405754,125.8925411794169,-59.27837874730857,125.8925411794169,-61.42488702002038,125.8925411794169,-58.09092294944227,125.8925411794169,-61.6439551558809,125.8925411794169,-54.34229595062924,125.8925411794169,-56.45320913252894,125.8925411794169,-58.707334332917,125.8925411794169,-55.41083587244277,125.8925411794169,-43.96096095487241,125.8925411794169,-44.8793854287575,125.8925411794169,-46.89068259432185,125.8925411794169,-49.1104875221536,125.8925411794169,-45.3402163783901,125.8925411794169,-54.75871754568301,125.8925411794169,-62.458166665881,125.8925411794169,-64.21075557625194,125.8925411794169,-65.70631240103828,125.8925411794169,-61.09926834031533,125.8925411794169,-46.13152535177062,125.8925411794169,-67.61413229821842,125.8925411794169,-68.76222827014486,125.8925411794169,-69.30151695945598,125.8925411794169,-64.81439612666564
158.4893192461116,-68.25894848244124,158.4893192461116,-57.20950262250383,158.4893192461116,-59.27837258442005,158.4893192461116,-61.42487680397999,158.4893192461116,-58.09089995008222,158.4893192461116,-61.6439374993764,158.4893192461116,-54.34229350471556,158.4893192461116,-56.45320537584723,158.4893192461116,-58.70732795941467,158.4893192461116,-55.41082004501571,158.4893192461116,-43.96096055817028,158.4893192461116,-44.87938498247551,158.4893192461116,-46.8906819022651,158.4893192461116,-49.11048638398229,158.4893192461116,-45.34021254209572,158.4893192461116,-54.75871456626695,158.4893192461116,-62.45815680565955,158.4893192461116,-64.21074187938221,158.4893192461116,-65.70629307885365,158.4893192461116,-61.09924084131688,158.4893192461116,-46.13152488840036,158.4893192461116,-67.61410895920017,158.4893192461116,-68.76220045609679,158.4893192461116,-69.30148575729574,158.4893192461116,-64.81435344431233
199.5262314968883,-68.25882944719906,199.5262314968883,-57.20949621911674,199.5262314968883,-59.27836283991488,199.5262314968883,-61.42486068047985,199.5262314968883,-58.0908634804959,199.5262314968883,-61.64390984297262,199.5262314968883,-54.3422896337164,199.5262314968883,-56.45319945982892,199.5262314968883,-58.70731782881055,199.5262314968883,-55.41079497160592,199.5262314968883,-43.96095989383654,199.5262314968883,-44.87938429956917,199.5262314968883,-46.89068086886889,199.5262314968883,-49.11048455345238,199.5262314968883,-45.34020647244199,199.5262314968883,-54.75870984473051,199.5262314968883,-62.45814116243507,199.5262314968883,-64.21072017881006,199.5262314968883,-65.70626240274288,199.5262314968883,-61.09919729866719,199.5262314968883,-46.13152417481838,199.5262314968883,-67.61407199139001,199.5262314968883,-68.76215635321815,199.5262314968883,-69.30143641439848,199.5262314968883,-64.81428585266278
251.1886431509584,-68.25864115380095,251.1886431509584,-57.20948595882324,251.1886431509584,-59.27834740611952,251.1886431509584,-61.42483505951659,251.1886431509584,-58.09080568034545,251.1886431509584,-61.64386598266026,251.1886431509584,-54.34228351741536,251.1886431509584,-56.45319008117033,251.1886431509584,-58.70730181544234,251.1886431509584,-55.41075521934724,251.1886431509584,-43.96095888423872,251.1886431509584,-44.8793832139002,251.1886431509584,-46.89067917381578,251.1886431509584,-49.11048166660581,251.1886431509584,-45.34019684433947,251.1886431509584,-54.75870232673931,251.1886431509584,-62.45811626169849,251.1886431509584,-64.21068574360645,251.1886431509584,-65.7062138845173,251.1886431509584,-61.09912827926155,251.1886431509584,-46.13152307254665,251.1886431509584,-67.61401340376901,251.1886431509584,-68.76208642880516,251.1886431509584,-69.30135814054603,251.1886431509584,-64.81417865840758
316.2277660168385,-68.25834255591747,316.2277660168385,-57.20946972377257,316.2277660168385,-59.27832288057358,316.2277660168385,-61.42479444508307,316.2277660168385,-58.09071409920121,316.2277660168385,-61.64379649732444,316.2277660168385,-54.34227385471054,316.2277660168385,-56.45317521057678,316.2277660168385,-58.70727638201419,316.2277660168385,-55.41069221107458,316.2277660168385,-43.9609572216651,316.2277660168385,-44.87938147882201,316.2277660168385,-46.89067654177155,316.2277660168385,-49.11047709764168,316.2277660168385,-45.34018157021691,316.2277660168385,-54.75869035412347,316.2277660168385,-62.45807693181412,316.2277660168385,-64.21063113042877,316.2277660168385,-65.706136859797,316.2277660168385,-61.09901883017835,316.2277660168385,-46.13152126794561,316.2277660168385,-67.61392058503914,316.2277660168385,-68.7619755769351,316.2277660168385,-69.30123405011186,316.2277660168385,-64.81400883552502
398.107170553498,-68.25786929669403,398.107170553498,-57.2094440154848,398.107170553498,-59.27828408326682,398.107170553498,-61.42473014658233,398.107170553498,-58.09056891521739,398.107170553498,-61.64368606407968,398.107170553498,-54.34225850986566,398.107170553498,-56.45315164793711,398.107170553498,-58.70723610175303,398.107170553498,-55.41059236923557,398.107170553498,-43.960954623265,398.107170553498,-44.87937875182663,398.107170553498,-46.89067234823863,398.107170553498,-49.11046985897634,398.107170553498,-45.34015739188506,398.107170553498,-54.75867158601309,398.107170553498,-62.45801458568686,398.107170553498,-64.2105446601513,398.107170553498,-65.70601491419032,398.107170553498,-61.09884538716882,398.107170553498,-46.13151842394101,398.107170553498,-67.61377345903318,398.107170553498,-68.7617999190134,398.107170553498,-69.30103747001758,398.107170553498,-64.81373967264848
501.1872336272732,-68.25711925130952,501.1872336272732,-57.20940322674115,501.1872336272732,-59.27822254673438,501.1872336272732,-61.42462823856148,501.1872336272732,-58.09033888183561,501.1872336272732,-61.64351130738141,501.1872336272732,-54.34223416725568,501.1872336272732,-56.45311428393727,501.1872336272732,-58.70717230206244,501.1872336272732,-55.41043416818273,501.1872336272732,-43.96095053497367,501.1872336272732,-44.87937441845471,501.1872336272732,-46.89066568723872,501.1872336272732,-49.11045838376869,501.1872336272732,-45.340119057729,501.1872336272732,-54.7586415067887,501.1872336272732,-62.45791564999007,501.1872336272732,-64.21040753252562,501.1872336272732,-65.70582158978857,501.1872336272732,-61.09857053636497,501.1872336272732,-46.13151395337336,501.1872336272732,-67.61354032774469,501.1872336272732,-68.76152158976598,501.1872336272732,-69.30072588712605,501.1872336272732,-64.8133131640583
630.9573444801945,-68.25593149839406,630.9573444801945,-57.20933864885667,630.9573444801945,-59.27812502247481,630.9573444801945,-61.42446665424756,630.9573444801945,-58.08997430587007,630.9573444801945,-61.64323423004485,630.9573444801945,-54.34219560985154,630.9573444801945,-56.4530550949889,630.9573444801945,-58.70707113980688,630.9573444801945,-55.41018337971101,630.9573444801945,-43.96094401804049,630.9573444801945,-44.87936754871642,630.9573444801945,-46.89065515223724,630.9573444801945,-49.11044019498314,630.9573444801945,-45.34005835083866,630.9573444801945,-54.75859409995792,630.9573444801945,-62.45775897262739,630.9573444801945,-64.21019023715542,630.9573444801945,-65.70551520354262,630.9573444801945,-61.09813495692507,630.9573444801945,-46.13150688013096,630.9573444801945,-67.61317082550372,630.9573444801945,-68.76108045370501,630.9573444801945,-69.30023212434318,630.9573444801945,-64.81263720570453
794.3282347242831,-68.25404876769232,794.3282347242831,-57.20923627008579,794.3282347242831,-59.27797047568757,794.3282347242831,-61.42421069172993,794.3282347242831,-58.08939656422521,794.3282347242831,-61.64279530270162,794.3282347242831,-54.34213450038503,794.3282347242831,-56.45296123613773,794.3282347242831,-58.70691085774681,794.3282347242831,-55.4097859362581,794.3282347242831,-43.96093366797212,794.3282347242831,-44.87935664255512,794.3282347242831,-46.89063843288007,794.3282347242831,-49.11041133847055,794.3282347242831,-45.33996205188401,794.3282347242831,-54.7585189550388,794.3282347242831,-62.45751057937787,794.3282347242831,-64.20984589170135,794.3282347242831,-65.70502965969501,794.3282347242831,-61.09744469989183,794.3282347242831,-46.13149560924976,794.3282347242831,-67.61258534424339,794.3282347242831,-68.76038139543209,794.3282347242831,-69.29944968558473,794.3282347242831,-64.81156610595139
1000.000000000002,-68.25106672584636,1000.000000000002,-57.20907398594175,1000.000000000002,-59.27772553903975,1000.000000000002,-61.42380493133687,1000.000000000002,-58.08848100579651,1000.000000000002,-61.64209945864496,1000.000000000002,-54.34203763836528,1000.000000000002,-56.45281251006601,1000.000000000002,-58.70665681769892,1000.000000000002,-55.40915619934725,1000.000000000002,-43.9609173200088,1000.000000000002,-44.87933938760387,1000.000000000002,-46.89061193184146,1000.000000000002,-49.11036560702464,1000.000000000002,-45.33980946703171,1000.000000000002,-54.75839983781314,1000.000000000002,-62.45711713387551,1000.000000000002,-64.20930022594638,1000.000000000002,-65.70426019981032,1000.000000000002,-61.09635100083987,1000.000000000002,-46.1314777567291,1000.000000000002,-67.61165747842121,1000.000000000002,-68.75927372094598,1000.000000000002,-69.29820983040194,1000.000000000002,-64.80986910625658
1258.92541179417,-68.24634457555776,1258.92541179417,-57.20881680647798,1258.92541179417,-59.27733734351587,1258.92541179417,-61.42316193040968,1258.92541179417,-58.08703042020331,1258.92541179417,-61.64099709804152,1258.92541179417,-54.34188415242151,1258.92541179417,-56.45257681153356,1258.92541179417,-58.7062542155283,1258.92541179417,-55.4081582697825,1258.92541179417,-43.96089138530628,1258.92541179417,-44.87931204481199,1258.92541179417,-46.89056997103867,1258.92541179417,-49.11029315988719,1258.92541179417,-45.33956762797139,1258.92541179417,-54.75821091540161,1258.92541179417,-62.45649339142064,1258.92541179417,-64.20843546766602,1258.92541179417,-65.70304106495193,1258.92541179417,-61.09461811042628,1258.92541179417,-46.13144946288367,1258.92541179417,-67.61018735998579,1258.92541179417,-68.75751871149168,1258.92541179417,-69.2962456028838,1258.92541179417,-64.80718086746946
1584.893192461117,-68.23887081128171,1584.893192461117,-57.20840927752613,1584.893192461117,-59.27672219087513,1584.893192461117,-61.42214311605091,1584.893192461117,-58.08473232847557,1584.893192461117,-61.63925039435984,1584.893192461117,-54.34164090675217,1584.893192461117,-56.45220331842027,1584.893192461117,-58.7056162141199,1584.893192461117,-55.40657715940958,1584.893192461117,-43.96085025689545,1584.893192461117,-44.87926867896619,1584.893192461117,-46.89050342514313,1584.893192461117,-49.11017829824709,1584.893192461117,-45.3391843920336,1584.893192461117,-54.75791170409237,1584.893192461117,-62.45550508519672,1584.893192461117,-64.2070652948786,1584.893192461117,-65.70110953849466,1584.893192461117,-61.09187307971037,1584.893192461117,-46.1314045850097,1584.893192461117,-67.60785841383689,1584.893192461117,-68.7547386366073,1584.893192461117,-69.29313423785365,1584.893192461117,-64.80292374904954
1995.262314968884,-68.22705252991895,1995.262314968884,-57.20776346195844,1995.262314968884,-59.2757474341789,1995.262314968884,-61.42052880969401,1995.262314968884,-58.08109256592547,1995.262314968884,-61.63648325869332,1995.262314968884,-54.34125538057592,1995.262314968884,-56.4516113976743,1995.262314968884,-58.70460520980135,1995.262314968884,-55.40407241044785,1995.262314968884,-43.96078509282222,1995.262314968884,-44.87919998245565,1995.262314968884,-46.89039797262302,1995.262314968884,-49.1099963052237,1995.262314968884,-45.33857707392624,1995.262314968884,-54.75743739387516,1995.262314968884,-62.45393918991914,1995.262314968884,-64.20489462116468,1995.262314968884,-65.69804995960025,1995.262314968884,-61.08752600535808,1995.262314968884,-46.13133354825434,1995.262314968884,-67.60416975682469,1995.262314968884,-68.75033623350969,1995.262314968884,-69.28820761940838,1995.262314968884,-64.79618509112623
2511.886431509586,-68.20838714257097,2511.886431509586,-57.20674005828347,2511.886431509586,-59.27420295791493,2511.886431509586,-61.41797155282425,2511.886431509586,-58.07533020621756,2511.886431509586,-61.63210149827623,2511.886431509586,-54.34064443416609,2511.886431509586,-56.4506734272632,2511.886431509586,-58.70300345292949,2511.886431509586,-55.40010560017602,2511.886431509586,-43.96068184615621,2511.886431509586,-44.8790910931556,2511.886431509586,-46.89023087613174,2511.886431509586,-49.10970788746866,2511.886431509586,-45.33761468175255,2511.886431509586,-54.75668590461648,2511.886431509586,-62.45145863379275,2511.886431509586,-64.20145657411297,2511.886431509586,-65.69320536200381,2511.886431509586,-61.08064531094064,2511.886431509586,-46.13122091332727,2511.886431509586,-67.59833009143846,2511.886431509586,-68.74336796765392,2511.886431509586,-69.28041092738398,2511.886431509586,-64.78552656119047
3162.277660168386,-68.1789676822451,3162.277660168386,-57.20511865453695,3162.277660168386,-59.27175629279804,3162.277660168386,-61.41392169641935,3162.277660168386,-58.06621307699731,3162.277660168386,-61.62516619161403,3162.277660168386,-54.33967636609479,3162.277660168386,-56.44918726946518,3162.277660168386,-58.70046594537531,3162.277660168386,-55.39382597825854,3162.277660168386,-43.96051818770516,3162.277660168386,-44.87891850390113,3162.277660168386,-46.88996601178101,3162.277660168386,-49.10925078979434,3162.277660168386,-45.33608988833718,3162.277660168386,-54.75549490269977,3162.277660168386,-62.44753011438949,3162.277660168386,-64.19601321498226,3162.277660168386,-65.68553812345006,3162.277660168386,-61.06976240098985,3162.277660168386,-46.13104246691864,3162.277660168386,-67.58909087112713,3162.277660168386,-68.73234685751862,3162.277660168386,-69.26808259141488,3162.277660168386,-64.76868717704961
3981.071705534981,-68.13274567199868,3981.071705534981,-57.20255003883819,3981.071705534981,-59.26788140925617,3981.071705534981,-61.40751080699028,3981.071705534981,-58.05180258076221,3981.071705534981,-61.61419693325898,3981.071705534981,-54.3381425168222,3981.071705534981,-56.44683291930976,3981.071705534981,-58.69644733709967,3981.071705534981,-55.38389207993713,3981.071705534981,-43.96025880274993,3981.071705534981,-44.87864500313187,3981.071705534981,-46.88954631510088,3981.071705534981,-49.10852645583097,3981.071705534981,-45.33367426003524,3981.071705534981,-54.75360816407102,3981.071705534981,-62.44131085866983,3981.071705534981,-64.18740002568205,3981.071705534981,-65.67341416649155,3981.071705534981,-61.05256982593859,3981.071705534981,-46.13075957755928,3981.071705534981,-67.57448795446393,3981.071705534981,-68.71493665094897,3981.071705534981,-69.24861490355718,3981.071705534981,-64.74213172572969
5011.872336272734,-68.0604815465976,5011.872336272734,-57.19848224515042,5011.872336272734,-59.26174720465774,5011.872336272734,-61.39736968962531,5011.872336272734,-58.02906092260984,5011.872336272734,-61.59686825120149,5011.872336272734,-54.33571258395948,5011.872336272734,-56.44310415722274,5011.872336272734,-58.69008591665171,5011.872336272734,-55.36819426714515,5011.872336272734,-43.95984778962967,5011.872336272734,-44.87821158025077,5011.872336272734,-46.88888116911452,5011.872336272734,-49.10737865698389,5011.872336272734,-45.32984854439628,5011.872336272734,-54.75061954987615,5011.872336272734,-62.43147250797908,5011.872336272734,-64.17378391705253,5011.872336272734,-65.65426801294511,5011.872336272734,-61.02546013049224,5011.872336272734,-46.13031134199881,5011.872336272734,-67.55144387743171,5011.872336272734,-68.6874855858125,5011.872336272734,-69.21793833448629,5011.872336272734,-64.70037389205569
6309.573444801948,-67.94835820716095,6309.573444801948,-57.19204298595712,6309.573444801948,-59.25204279452539,6309.573444801948,-61.38134532951435,6309.573444801948,-57.9932599936818,6309.573444801948,-61.56954503433173,6309.573444801948,-54.33186423450394,6309.573444801948,-56.43720096781283,6309.573444801948,-58.68002267723287,6309.573444801948,-55.34343061087376,6309.573444801948,-43.95919642423856,6309.573444801948,-44.87752470534971,6309.573444801948,-46.88782723421802,6309.573444801948,-49.10556021221758,6309.573444801948,-45.32379210315192,6309.573444801948,-54.74588708226472,6309.573444801948,-62.41592518133282,6309.573444801948,-64.15229095556447,6309.573444801948,-65.62409506022168,6309.573444801948,-60.982837747621,6309.573444801948,-46.12960097359993,6309.573444801948,-67.51517008236385,6309.573444801948,-68.64433082159317,6309.573444801948,-69.16975885880279,6309.573444801948,-64.6350038215144
7943.282347242834,-67.77638003581377,7943.282347242834,-57.18185695762967,7943.282347242834,-59.23670670066603,7943.282347242834,-61.35606899039066,7943.282347242834,-57.93711704926142,7943.282347242834,-61.52658945787567,7943.282347242834,-54.32577199056428,7943.282347242834,-56.42786144492437,7943.282347242834,-58.66412123501691,7943.282347242834,-55.30446979603263,7943.282347242834,-43.95816427938234,7943.282347242834,-44.87643632309327,7943.282347242834,-46.88615734410598,7943.282347242834,-49.10267967798216,7943.282347242834,-45.31421051271136,7943.282347242834,-54.73839720582025,7943.282347242834,-62.39139776953148,7943.282347242834,-64.11844328023655,7943.282347242834,-65.57669968634886,7943.282347242834,-60.91613114601508,7943.282347242834,-46.12847542137547,7943.282347242834,-67.45829360350396,7943.282347242834,-68.57680160098413,7943.282347242834,-69.09447764345336,7943.282347242834,-64.53337351505166
10000.00000000003,-67.51703843529938,10000.00000000003,-57.16576199580118,10000.00000000003,-59.21251093837377,10000.00000000003,-61.31630760286431,10000.00000000003,-57.84959696769456,10000.00000000003,-61.45936849460953,10000.00000000003,-54.316133898991,10000.00000000003,-56.41310038335929,10000.00000000003,-58.63903778838366,10000.00000000003,-55.24342823815655,10000.00000000003,-43.95652895140361,10000.00000000003,-44.87471189148586,10000.00000000003,-46.88351210708515,10000.00000000003,-49.09811825094559,10000.00000000003,-45.299067909273,10000.00000000003,-54.72655277298937,10000.00000000003,-62.3528060435949,10000.00000000003,-64.0653328416212,10000.00000000003,-65.50262666378472,10000.00000000003,-60.81246324888808,10000.00000000003,-46.12669203482214,10000.00000000003,-67.36964898488438,10000.00000000003,-68.47188044889255,10000.00000000003,-68.97777537740629,10000.00000000003,-64.37701908377524
12589.25411794171,-67.1353197186895,12589.25411794171,-57.14037477647589,12589.25411794171,-59.17443737882085,12589.25411794171,-61.25402640863781,12589.25411794171,-57.71440156951753,12589.25411794171,-61.35491696618475,12589.25411794171,-54.30090230262059,12589.25411794171,-56.38980793398542,12589.25411794171,-58.59957767483309,12589.25411794171,-55.14840767066129,12589.25411794171,-43.95393839405881,12589.25411794171,-44.87198027011636,12589.25411794171,-46.87932293406488,12589.25411794171,-49.0908987371491,12589.25411794171,-45.27517616068851,12589.25411794171,-54.70784663125264,12589.25411794171,-62.29233609573823,12589.25411794171,-63.98246679437161,12589.25411794171,-65.3877571626516,12589.25411794171,-60.65306749710247,12589.25411794171,-46.12386714339217,12589.25411794171,-67.23276095632158,12589.25411794171,-68.31061574694073,12589.25411794171,-68.79900794314425,12589.25411794171,-64.14019755506718
15848.93192461118,-66.59165570563013,15848.93192461118,-57.10044026075472,15848.93192461118,-59.11477030996747,15848.93192461118,-61.15711124555805,15848.93192461118,-57.50839624561994,15848.93192461118,-61.19435218143445,15848.93192461118,-54.2768706635709,15848.93192461118,-56.35314591465462,15848.93192461118,-58.53776283321737,15848.93192461118,-55.00194357066571,15848.93192461118,-43.94983581093367,15848.93192461118,-44.86765449256374,15848.93192461118,-46.87269191280991,15848.93192461118,-49.07948111260737,15848.93192461118,-45.2375774895678,15848.93192461118,-54.67836362645921,15848.93192461118,-62.19818972539766,15848.93192461118,-63.85428822408497,15848.93192461118,-65.21170476751504,15848.93192461118,-60.41184687505493,15848.93192461118,-46.11939374381608,15848.93192461118,-67.02427676532336,15848.93192461118,-68.06669554490054,15848.93192461118,-68.5299425036014,15848.93192461118,-63.78946251446293
19952.62314968885,-65.84902881997867,19952.62314968885,-57.03789107716767,19952.62314968885,-59.02185219141045,19952.62314968885,-61.0078084156178,19952.62314968885,-57.20068552478893,19952.62314968885,-60.951442255456,19952.62314968885,-54.23905341035756,19952.62314968885,-56.29566719452414,19952.62314968885,-58.44156044021454,19952.62314968885,-54.77948043824703,19952.62314968885,-43.94334158949479,19952.62314968885,-44.86080740948066,19952.62314968885,-46.86220310346729,19952.62314968885,-49.06144669323946,19952.62314968885,-45.1786464843128,19952.62314968885,-54.63204210545165,19952.62314968885,-62.05303649702206,19952.62314968885,-63.65858424394016,19952.62314968885,-64.94652385577352,19952.62314968885,-60.05502933065874,19952.62314968885,-46.11231332315022,19952.62314968885,-66.713078259287,19952.62314968885,-67.70615256159849,19952.62314968885,-68.13496241441554,19952.62314968885,-63.28580626235839
25118.86431509587,-64.88303593740662,25118.86431509587,-56.94056658517653,25118.86431509587,-58.87854208681903,25118.86431509587,-60.78121613860521,25118.86431509587,-56.75368686218395,25118.86431509587,-60.59229353027703,25118.86431509587,-54.17978376715097,25118.86431509587,-56.2060999011554,25118.86431509587,-58.29332531374811,25118.86431509587,-54.44870112074301,25118.86431509587,-43.93306885079101,25118.86431509587,-44.84997765924049,25118.86431509587,-46.84563136918838,25118.86431509587,-49.03301679192919,25118.86431509587,-45.08685479589796,25118.86431509587,-54.55962464076052,25118.86431509587,-61.83248277309188,25118.86431509587,-63.3654202985476,25118.86431509587,-64.55683322084117,25118.86431509587,-59.54346731580274,25118.86431509587,-46.10111507604159,25118.86431509587,-66.26143791859434,25118.86431509587,-67.18976118903522,25118.86431509587,-67.57437310733638,25118.86431509587,-62.59081124734188
31622.77660168388,-63.69024244662354,31622.77660168388,-56.79065093538335,31622.77660168388,-58.66067510441335,31622.77660168388,-60.44468253463824,31622.77660168388,-56.12782421043379,31622.77660168388,-60.0777082843115,31622.77660168388,-54.08747398292545,31622.77660168388,-56.06782436350962,31622.77660168388,-58.06828580776308,31622.77660168388,-53.97116241256207,31622.77660168388,-43.91683735649099,31622.77660168388,-44.83286896332412,31622.77660168388,-46.81949599526934,31622.77660168388,-48.9883366510205,31622.77660168388,-44.94523598513366,31622.77660168388,-54.44726860031293,31622.77660168388,-61.5043693860632,31622.77660168388,-62.93787563664154,31622.77660168388,-64.00298109598737,31622.77660168388,-58.83898360214568,31622.77660168388,-46.0834261342164,31622.77660168388,-65.62983600378632,31622.77660168388,-66.47950004641883,31622.77660168388,-66.811882718465,31622.77660168388,-61.67634074021527
39810.71705534984,-62.28946275983996,39810.71705534984,-56.56316855973714,39810.71705534984,-58.33631796909917,39810.71705534984,-59.95958553824219,39810.71705534984,-55.29027330340345,39810.71705534984,-59.36960676394188,39810.71705534984,-53.94507752906046,39810.71705534984,-55.85731084331968,39810.71705534984,-57.73391553605553,39810.71705534984,-53.30778697149468,39810.71705534984,-43.89123613186152,39810.71705534984,-44.80589124276018,39810.71705534984,-46.77839437432261,39810.71705534984,-48.91845274957276,39810.71705534984,-44.7298366866432,39810.71705534984,-54.2749444023095,39810.71705534984,-61.03034153923185,39810.71705534984,-62.33621902016715,39810.71705534984,-63.24837858815791,39810.71705534984,-57.91415540753511,39810.71705534984,-46.05553772299444,39810.71705534984,-64.78580061402575,39810.71705534984,-65.5483890622517,39810.71705534984,-65.82474904497386,39810.71705534984,-60.53380523047591
50118.72336272738,-60.71505928170224,50118.72336272738,-56.22539678645566,50118.72336272738,-57.86724566259971,50118.72336272738,-59.28701919251368,50118.72336272738,-54.22501418066494,50118.72336272738,-58.44084299379326,50118.72336272738,-53.72854438372423,50118.72336272738,-55.54326242775141,50118.72336272738,-57.25165962690539,50118.72336272738,-52.42817723545531,50118.72336272738,-43.85096824113764,50118.72336272738,-44.76347579017525,50118.72336272738,-46.71404080813793,50118.72336272738,-48.809950035113,50118.72336272738,-44.40893342503315,50118.72336272738,-54.01510669775331,50118.72336272738,-60.37125046500849,50118.72336272738,-61.52622341809824,50118.72336272738,-62.26961861526092,50118.72336272738,-56.76142168566886,50118.72336272738,-46.01170118107535,50118.72336272738,-63.71392141622072,50118.72336272738,-64.38949375951981,50118.72336272738,-64.61167210373674,50118.72336272738,-59.17734333748812
63095.73444801952,-59.00677195507329,63095.73444801952,-55.73867802740046,63095.73444801952,-57.21421536641385,63095.73444801952,-58.39722712287397,63095.73444801952,-52.93861995542485,63095.73444801952,-57.28424916308452,63095.73444801952,-53.40605597710218,63095.73444801952,-55.08784042852959,63095.73444801952,-56.58254864029946,63095.73444801952,-51.32032517470113,63095.73444801952,-43.78790480028002,63095.73444801952,-44.69709164581596,63095.73444801952,-46.61396519168581,63095.73444801952,-48.6433580247289,63095.73444801952,-43.94442461863177,63095.73444801952,-53.63270913468777,63095.73444801952,-59.49640888167706,63095.73444801952,-60.48932989861703,63095.73444801952,-61.06455705471064,63095.73444801952,-55.39588914530135,63095.73444801952,-45.94311841603786,63095.73444801952,-62.42143268260335,63095.73444801952,-63.0185022019813,63095.73444801952,-63.19327988557603,63095.73444801952,-57.63867248593763
79432.82347242841,-57.20145128841277,79432.82347242841,-55.06414719261024,79432.82347242841,-56.34613666868516,79432.82347242841,-57.27919809149716,79432.82347242841,-51.45781291638168,79432.82347242841,-55.91529746650438,79432.82347242841,-52.93945692411065,79432.82347242841,-54.4515825283377,79432.82347242841,-55.69658907374954,79432.82347242841,-49.99501839937393,79432.82347242841,-43.68979894968929,79432.82347242841,-44.59392151306255,79432.82347242841,-46.45994305035212,79432.82347242841,-48.3917725276177,79432.82347242841,-43.29698482956027,79432.82347242841,-53.08817515802205,79432.82347242841,-58.39335058961954,79432.82347242841,-59.22926860857547,79432.82347242841,-59.65311438562551,79432.82347242841,-53.84985187676835,79432.82347242841,-45.83659278232824,79432.82347242841,-60.93552777868997,79432.82347242841,-61.468048317724,79432.82347242841,-61.60486207615413,79432.82347242841,-55.95717263085169
100000.0000000003,-55.32893284024046,100000.0000000003,-54.17219090340835,100000.0000000003,-55.24989714775471,100000.0000000003,-55.94472107039083,100000.0000000003,-49.82052146967185,100000.0000000003,-54.36649744700588,100000.0000000003,-52.28946617676776,100000.0000000003,-53.60231988619986,100000.0000000003,-54.58240351772525,100000.0000000003,-48.4818676677007,100000.0000000003,-43.53872377826185,100000.0000000003,-44.43528319689207,100000.0000000003,-46.22652236746321,100000.0000000003,-48.0207143145474,100000.0000000003,-42.43515329191499,100000.0000000003,-52.34452228683497,100000.0000000003,-57.07239921731304,100000.0000000003,-57.77066920117218,100000.0000000003,-58.07022802170103,100000.0000000003,-52.16279944701699,100000.0000000003,-45.67293638335855,100000.0000000003,-59.29430525528092,100000.0000000003,-59.77768042081291,100000.0000000003,-59.88618196574878,100000.0000000003,-54.170857340983
125892.5411794172,-53.41133678084205,125892.5411794172,-53.05201679478754,125892.5411794172,-53.935159234261,125892.5411794172,-54.42405964860951,125892.5411794172,-48.06601487591649,125892.5411794172,-52.67737826060446,125892.5411794172,-51.42480496449439,125892.5411794172,-52.52515648554494,125892.5411794172,-53.25141875583049,125892.5411794172,-46.81974007369018,125892.5411794172,-43.30958024149898,125892.5411794172,-44.19519193075821,125892.5411794172,-45.88054959729912,125892.5411794172,-47.49081285009647,125892.5411794172,-41.34521414582251,125892.5411794172,-51.37743062119148,125892.5411794172,-55.56286388859193,125892.5411794172,-56.15064867302098,125892.5411794172,-56.35566626824652,125892.5411794172,-50.37253035528219,125892.5411794172,-45.42556324985613,125892.5411794172,-57.53695706470504,125892.5411794172,-57.98506417532342,125892.5411794172,-58.07355524190579,125892.5411794172,-52.31130262750302
158489.3192461119,-51.46414524367444,158489.3192461119,-51.71563290445758,158489.3192461119,-52.43079619821662,158489.3192461119,-52.75626925377701,158489.3192461119,-46.22837248974118,158489.3192461119,-50.88565793992819,158489.3192461119,-50.3320531339466,158489.3192461119,-51.22788468198524,158489.3192461119,-51.73367202138291,158489.3192461119,-45.04729886453883,158489.3192461119,-42.96954948164845,158489.3192461119,-43.84001102342122,158489.3192461119,-45.38320793228353,158489.3192461119,-46.76460711951889,158489.3192461119,-40.03620120155729,158489.3192461119,-50.18357340464534,158489.3192461119,-53.90353248645935,158489.3192461119,-54.40876336197233,158489.3192461119,-54.54596878939217,158489.3192461119,-48.51027416279466,158489.3192461119,-45.06025818863576,158489.3192461119,-55.6973618686017,158489.3192461119,-56.12122203471873,158489.3192461119,-56.19610085269014,158489.3192461119,-50.40231406257182
199526.2314968887,-49.49779646731598,199526.2314968887,-50.19344780556003,199526.2314968887,-50.7754754626715,199526.2314968887,-50.97985671725117,199526.2314968887,-44.33403060881945,199526.2314968887,-49.02243956819819,199526.2314968887,-49.02055923828573,199526.2314968887,-49.73810507287106,199526.2314968887,-50.06817125360777,199526.2314968887,-43.19727356610275,199526.2314968887,-42.47997918498621,199526.2314968887,-43.33073356577113,199526.2314968887,-44.69603387626518,199526.2314968887,-45.8165163175284,199526.2314968887,-38.53655744320462,199526.2314968887,-48.78185787357117,199526.2314968887,-52.13316069425314,199526.2314968887,-52.57995886595448,199526.2314968887,-52.67055113248693,199526.2314968887,-46.5994929520115,199526.2314968887,-44.53769549966785,199526.2314968887,-53.80173553394007,199526.2314968887,-54.20941532509885,199526.2314968887,-54.27527353479889,199526.2314968887,-48.4607366799671
251188.6431509589,-47.51915955584512,251188.6431509589,-48.5245633887311,251188.6431509589,-49.0080752831804,251188.6431509589,-49.12724537438712,251188.6431509589,-42.4020467733171,251188.6431509589,-47.11106271811514,251188.6431509589,-47.51899568708592,251188.6431509589,-48.09408643710355,251188.6431509589,-48.29350903341048,251188.6431509589,-41.29464484422532,251188.6431509589,-41.80220034628143,251188.6431509589,-42.62929625717171,251188.6431509589,-43.79053107160344,251188.6431509589,-44.64152162404942,251188.6431509589,-36.88480235315055,251188.6431509589,-47.2066921338865,251188.6431509589,-50.28465294158781,251188.6431509589,-50.6916656084859,251188.6431509589,-50.75114748016881,251188.6431509589,-44.65675048574568,251188.6431509589,-43.82004725416242,251188.6431509589,-51.86895055618344,251188.6431509589,-52.26604954969635,251188.6431509589,-52.32603297641078,251188.6431509589,-46.49800800931772
316227.7660168391,-45.53268330894024,316227.7660168391,-46.74745780125439,316227.7660168391,-47.16173476468912,316227.7660168391,-47.22310475355825,316227.7660168391,-40.44551476294828,316227.7660168391,-45.16799276306452,316227.7660168391,-45.86598343729478,316227.7660168391,-46.33499679356768,316227.7660168391,-46.44225086426661,316227.7660168391,-39.35722786895754,316227.7660168391,-40.90701945019359,316227.7660168391,-41.70832345848432,316227.7660168391,-42.65751618645567,316227.7660168391,-43.25705708726598,316227.7660168391,-35.11987873384793,316227.7660168391,-45.49781168280797,316227.7660168391,-48.38317962383737,316227.7660168391,-48.76382054983368,316227.7660168391,-48.80294462923032,316227.7660168391,-42.6932748201437,316227.7660168391,-42.88087886439455,316227.7660168391,-49.91196959006356,316227.7660168391,-50.30224526952414,316227.7660168391,-50.35844549477144,316227.7660168391,-44.52168819284998
398107.1705534988,-43.54121494134065,398107.1705534988,-44.89448340067159,398107.1705534988,-45.2618634089462,398107.1705534988,-45.28499795700158,398107.1705534988,-38.4731478092007,398107.1705534988,-43.20438269086612,398107.1705534988,-44.10046103264058,398107.1705534988,-44.49458397093996,398107.1705534988,-44.53919964626596,398107.1705534988,-37.3971694542818,398107.1705534988,-39.78417686132781,398107.1705534988,-40.56019329968609,398107.1705534988,-41.3105038690272,398107.1705534988,-41.69673609678608,398107.1705534988,-33.27507338079689,398107.1705534988,-43.69202550548609,398107.1705534988,-46.44672682038735,398107.1705534988,-46.81020515666346,398107.1705534988,-46.83617730594803,398107.1705534988,-40.71647488327282,398107.1705534988,-41.71401434300957,398107.1705534988,-47.93943032554021,398107.1705534988,-48.32535156072098,398107.1705534988,-48.37913240115076,398107.1705534988,-42.53668544069077
501187.2336272742,-41.5465506683712,501187.2336272742,-42.99020909370127,501187.2336272742,-43.32662473350821,501187.2336272742,-43.3248812730458,501187.2336272742,-36.49060914078667,501187.2336272742,-41.22757441376031,501187.2336272742,-42.25564415463952,501187.2336272742,-42.59887850295911,501187.2336272742,-42.60199620124096,501187.2336272742,-35.42249493117079,501187.2336272742,-38.44607283679969,501187.2336272742,-39.19979653318456,501187.2336272742,-39.78070453780012,501187.2336272742,-40.00014586684531,501187.2336272742,-31.3759203645711,501187.2336272742,-41.81910475353497,501187.2336272742,-44.48758079068263,501187.2336272742,-44.84003316532964,501187.2336272742,-44.85757567626347,501187.2336272742,-38.73114312136009,501187.2336272742,-40.33581796448016,501187.2336272742,-45.95697465318692,501187.2336272742,-46.34014410234379,501187.2336272742,-46.39238322963762,501187.2336272742,-40.54614099137826
630957.3444801958,-39.54978602637685,630957.3444801958,-41.05205434015819,630957.3444801958,-41.36838216073919,630957.3444801958,-41.35061979431033,630957.3444801958,-34.50149003947676,630957.3444801958,-39.24227653849393,630957.3444801958,-40.35694745972965,630957.3444801958,-40.66650720243992,630957.3444801958,-40.6425866831544,630957.3444801958,-33.43836234893909,630957.3444801958,-36.92311807267317,630957.3444801958,-37.65900782828048,630957.3444801958,-38.10708193857155,630957.3444801958,-38.20423491480931,630957.3444801958,-29.44063094215677,630957.3444801958,-39.90107933869945,630957.3444801958,-42.51386790780688,630957.3444801958,-42.8593072323119,630957.3444801958,-42.87146921114571,630957.3444801958,-36.74031306690711,630957.3444801958,-38.77926676046405,630957.3444801958,-43.96822808402311,630957.3444801958,-44.34968020352168,630957.3444801958,-44.40093657210745,630957.3444801958,-38.5520271952207
794328.2347242847,-37.5515222597347,794328.2347242847,-39.09176523501814,794328.2347242847,-39.39522066169334,794328.2347242847,-39.36720404319088,794328.2347242847,-32.50797249509268,794328.2347242847,-37.25139593651775,794328.2347242847,-38.42241365067794,794328.2347242847,-38.71008728105691,794328.2347242847,-38.66872887923915,794328.2347242847,-31.44796603906206,794328.2347242847,-35.25395209406359,794328.2347242847,-35.97669306244869,794328.2347242847,-36.32721704732025,794328.2347242847,-36.33887083719351,794328.2347242847,-27.48154019010341,794328.2347242847,-37.95329421801533,794328.2347242847,-40.53079967151497,794328.2347242847,-40.8718185973443,794328.2347242847,-40.88054795438718,794328.2347242847,-34.74582731355203,794328.2347242847,-37.08385967844494,794328.2347242847,-41.97546369753391,794328.2347242847,-42.35586505414509,794328.2347242847,-42.4064902648766,794328.2347242847,-36.55552767837145
1000000.000000004,-35.55197855819985,1000000.000000004,-37.1169289196409,1000000.000000004,-37.41220878599922,1000000.000000004,-37.37764023610105,1000000.000000004,-30.51125839345988,1000000.000000004,-35.25659773025544,1000000.000000004,-36.46416607068946,1000000.000000004,-36.73778668016752,1000000.000000004,-36.6852410411605,1000000.000000004,-29.45315130329941,1000000.000000004,-33.47625717827611,1000000.000000004,-34.18991217660186,1000000.000000004,-34.47220010013905,1000000.000000004,-34.42602907968054,1000000.000000004,-25.50667560531803,1000000.000000004,-35.9859636787417,1000000.000000004,-38.54157081349083,1000000.000000004,-38.87983008623281,1000000.000000004,-38.88635981518976,1000000.000000004,-32.74869317400895,1000000.000000004,-35.28690577209803,1000000.000000004,-39.98002171024979,1000000.000000004,-40.35980119300422,1000000.000000004,-40.41001155604778,1000000.000000004,-34.55726112800991
1258925.411794172,-33.55105884493635,1258925.411794172,-35.13223636939501,1258925.411794172,-35.42236054856463,1258925.411794172,-35.38359384871239,1258925.411794172,-28.51185368586801,1258925.411794172,-33.25868700260912,1258925.411794172,-34.49000452172484,1258925.411794172,-34.75467727599433,1258925.411794172,-34.69495954218672,1258925.411794172,-27.45483301080958,1258925.411794172,-31.62146545330503,1258925.411794172,-32.329167266102,1258925.411794172,-32.56533872866373,1258925.411794172,-32.48090991279734,1258925.411794172,-23.52108536857808,1258925.411794172,-34.00560279655672,1258925.411794172,-36.54798706194672,1258925.411794172,-36.88454336494298,1258925.411794172,-36.88964554603826,1258925.411794172,-30.74930632508132,1258925.411794172,-33.41886490514328,1258925.411794172,-37.98256505408633,1258925.411794172,-38.36199712206538,1258925.411794172,-38.41191933195717,1258925.411794172,-32.55740588859632
1584893.19246112,-31.54840796516847,1584893.19246112,-33.14044508873509,1584893.19246112,-33.42734313930369,1584893.19246112,-33.38585911304741,1584893.19246112,-26.50977823830953,1584893.19246112,-31.25787579382439,1584893.19246112,-32.50475938181683,1584893.19246112,-32.76377443939333,1584893.19246112,-32.69943497963719,1584893.19246112,-25.45329632400199,1584893.19246112,-29.71323718901703,1584893.19246112,-30.41725423745335,1584893.19246112,-30.62298349131414,1584893.19246112,-30.51357054301469,1584893.19246112,-21.52786063876317,1584893.19246112,-32.01615338514543,1584893.19246112,-34.55092249498527,1584893.19246112,-34.88644639301611,1584893.19246112,-34.89059616561354,1584893.19246112,-28.74761514757235,1584893.19246112,-31.50228141896203,1584893.19246112,-35.98325401450759,1584893.19246112,-36.36251304219792,1584893.19246112,-36.41221292421557,1584893.19246112,-30.55578597376665
1995262.314968888,-29.54346656386092,1995262.314968888,-31.14306467023508,1995262.314968888,-31.42797219898986,1995262.314968888,-31.38468853749525,1995262.314968888,-24.50475007645255,1995262.314968888,-29.25396448535948,1995262.314968888,-30.51129278678787,1995262.314968888,-30.76676305158423,1995262.314968888,-30.69940096180029,1995262.314968888,-23.44844151093943,1995262.314968888,-27.76812090878582,1995262.314968888,-28.47007827113913,1995262.314968888,-28.65602798935932,1995262.314968888,-28.53037710083898,1995262.314968888,-19.52894779266638,1995262.314968888,-30.01981603373603,1995262.314968888,-32.55066608818782,1995262.314968888,-32.88558762780657,1995262.314968888,-32.88906787799978,1995262.314968888,-26.74327614347297,1995262.314968888,-29.55271194284501,1995262.314968888,-33.98190450624913,1995262.314968888,-34.36110305356296,1995262.314968888,-34.4106038959114,1995262.314968888,-28.55197347384008
2511886.431509591,-27.5355331285426,2511886.431509591,-29.14082806308759,2511886.431509591,-29.42455036206545,2511886.431509591,-29.38002273067109,2511886.431509591,-22.49640380309444,2511886.431509591,-27.2464755726354,2511886.431509591,-28.51119612929665,2511886.431509591,-28.76448807810269,2511886.431509591,-28.69508823853886,2511886.431509591,-21.44005942681849,2511886.431509591,-25.7970332602765,2511886.431509591,-26.49815451859435,2511886.431509591,-26.67139493996453,2511886.431509591,-26.53514044792147,2511886.431509591,-17.52596763485937,2511886.431509591,-28.01765299963328,2511886.431509591,-30.54717961024727,2511886.431509591,-30.88178674283837,2511886.431509591,-30.88475586501526,2511886.431509591,-24.73583405374817,2511886.431509591,-27.58033235932103,2511886.431509591,-31.97814828057307,2511886.431509591,-32.35736671476558,2511886.431509591,-32.40666207166936,2511886.431509591,-26.54543640821499
3162277.660168393,-25.52386753626222,3162277.660168393,-27.1340529182469,3162277.660168393,-27.4171413821225,3162277.660168393,-27.37169862757731,3162277.660168393,-20.48463732126626,3162277.660168393,-25.2348094925786,3162277.660168393,-26.50532004816958,3162277.660168393,-26.7573424850986,3162277.660168393,-26.68650054152633,3162277.660168393,-19.42826807845551,3162277.660168393,-23.80687423292329,3162277.660168393,-24.50819599604213,3162277.660168393,-24.67335580030764,3162277.660168393,-24.53006049118549,3162277.660168393,-15.52135566057326,3162277.660168393,-26.01003399685093,3162277.660168393,-28.54029569444231,3162277.660168393,-28.87480276530724,3162277.660168393,-28.8773424031043,3162277.660168393,-22.72496432312061,3162277.660168393,-25.59151361758107,3162277.660168393,-29.97157546234889,3162277.660168393,-30.35088667026278,3162277.660168393,-30.39995180596962,3162277.660168393,-24.53573037606458
3981071.70553499,-23.50785517601498,3981071.70553499,-25.12297657214451,3981071.70553499,-25.40585222131266,3981071.70553499,-25.3596965242368,3981071.70553499,-18.47014954900764,3981071.70553499,-23.21847054701179,3981071.70553499,-24.49425349292684,3981071.70553499,-24.74565603966274,3981071.70553499,-24.67373895400585,3981071.70553499,-17.41420988329328,3981071.70553499,-21.80205895998415,3981071.70553499,-22.50461811493999,3981071.70553499,-22.66474130510484,3981071.70553499,-22.51663937021408,3981071.70553499,-13.52013762083945,3981071.70553499,-23.99696447135408,3981071.70553499,-26.52988015134847,3981071.70553499,-26.86447952425744,3981071.70553499,-26.8666343540439,3981071.70553499,-20.71078237942428,3981071.70553499,-23.5900643407825,3981071.70553499,-27.96182251330476,3981071.70553499,-28.34131445733831,3981071.70553499,-28.39011936044303,3981071.70553499,-22.52268907754355
5011872.336272745,-21.48713402103705,5011872.336272745,-23.10802147351475,5011872.336272745,-23.39107089510044,5011872.336272745,-23.34436175113719,5011872.336272745,-16.45505095317059,5011872.336272745,-21.19728103498733,5011872.336272745,-22.47872773673791,5011872.336272745,-22.7300475661932,5011872.336272745,-22.65732081471316,5011872.336272745,-15.40090963277015,5011872.336272745,-19.78586438507327,5011872.336272745,-20.49088002728317,5011872.336272745,-20.648047837175,5011872.336272745,-20.49658573885704,5011872.336272745,-11.53237262519707,5011872.336272745,-21.97822661056087,5011872.336272745,-24.51589793336573,5011872.336272745,-24.85080533968189,5011872.336272745,-24.8526203983538,5011872.336272745,-18.69408823033202,5011872.336272745,-21.57798302772905,5011872.336272745,-25.94852765369489,5011872.336272745,-26.32832714825419,5011872.336272745,-26.3768504204074,5011872.336272745,-20.50647794848707
6309573.444801961,-19.46143239210408,6309573.444801961,-21.08979068176454,6309573.444801961,-21.37345311745229,6309573.444801961,-21.32638067019865,6309573.444801961,-14.4431960499451,6309573.444801961,-19.17131846340254,6309573.444801961,-20.45973425659316,6309573.444801961,-20.71151864404695,6309573.444801961,-20.63825325482395,6309573.444801961,-13.39390027853678,6309573.444801961,-17.76132501381775,6309573.444801961,-18.47041212653658,6309573.444801961,-18.62620279223207,6309573.444801961,-18.47244956687029,6309573.444801961,-9.575612501448221,6309573.444801961,-19.95315076055447,6309573.444801961,-22.49822381038992,6309573.444801961,-22.83372637375679,6309573.444801961,-22.83527953298299,6309573.444801961,-16.676283175181,6309573.444801961,-19.55559311816114,6309573.444801961,-23.93103759837028,6309573.444801961,-24.31133939097461,6309573.444801961,-24.359577423199,6309573.444801961,-18.48731891693817
7943282.347242852,-17.42988999586789,7943282.347242852,-19.06860980900646,7943282.347242852,-19.35347078172131,7943282.347242852,-19.30631482173656,7943282.347242852,-12.43996422376179,7943282.347242852,-17.1403011107769,7943282.347242852,-18.43812931391573,7943282.347242852,-18.69105493111212,7943282.347242852,-18.61761373218885,7943282.347242852,-11.40123897492604,7943282.347242852,-15.73127180046327,7943282.347242852,-16.44674055747278,7943282.347242852,-16.60258695923014,7943282.347242852,-16.44754801994308,7943282.347242852,-7.67610766491512,7943282.347242852,-17.91989941306445,7943282.347242852,-20.47609587158284,7943282.347242852,-20.81261133481868,7943282.347242852,-20.81403467275861,7943282.347242852,-14.65883376134141,7943282.347242852,-17.52105466391203,7943282.347242852,-21.90782158975525,7943282.347242852,-22.28892757646368,7943282.347242852,-22.33689188992471,7943282.347242852,-16.46484463410406
10000000.00000005,-15.38992434583095,10000000.00000005,-17.04369579033039,10000000.00000005,-17.33060306661887,10000000.00000005,-17.28377819010699,10000000.00000005,-10.45176648409369,10000000.00000005,-15.10245479932115,10000000.00000005,-16.4137835830704,10000000.00000005,-16.66879242807386,10000000.00000005,-16.5956971277672,10000000.00000005,-9.433144656576054,10000000.00000005,-13.69740900010252,10000000.00000005,-14.42271649116666,10000000.00000005,-14.58021046977653,10000000.00000005,-14.42506113265161,10000000.00000005,-5.86787385607323,10000000.00000005,-15.87436934678289,10000000.00000005,-18.44730676279411,10000000.00000005,-18.78546337938992,10000000.00000005,-18.78695206500894,10000000.00000005,-12.64254856795012,10000000.00000005,-15.46941428371141,10000000.00000005,-19.87567607945335,10000000.00000005,-20.25805011425277,10000000.00000005,-20.30574937338735,10000000.00000005,-14.43729585783316
12589254.11794173,-13.33588403278522,12589254.11794173,-15.01219143933234,12589254.11794173,-15.30241147720836,12589254.11794173,-15.25651329561949,12589254.11794173,-8.485969112725071,12589254.11794173,-13.05315305453947,12589254.11794173,-14.3845713803637,12589254.11794173,-14.64304628555591,12589254.11794173,-14.57104490260119,12589254.11794173,-7.502052976667013,12589254.11794173,-11.65888317519937,12589254.11794173,-12.39930288518647,12589254.11794173,-12.56049869239346,12589254.11794173,-12.406776988181,12589254.11794173,-4.189837918021206,12589254.11794173,-13.80885176800459,12589254.11794173,-16.40725482590229,12589254.11794173,-16.74800194822469,12589254.11794173,-16.74981650218785,12589254.11794173,-10.62707383038933,12589254.11794173,-13.3912894782994,12589254.11794173,-17.82875197046085,12589254.11794173,-18.21309479853561,12589254.11794173,-18.26049964184977,12589254.11794173,-12.40075599857686
15848931.92461121,-11.25742725839404,15848931.92461121,-12.9680039550941,15848931.92461121,-13.26343587908876,15848931.92461121,-13.21931120600775,15848931.92461121,-6.551568328637936,15848931.92461121,-10.98335017725642,15848931.92461121,-12.34521591583107,15848931.92461121,-12.60921933515653,15848931.92461121,-12.53938821832962,15848931.92461121,-5.62350275419707,15848931.92461121,-9.610761412414037,15848931.92461121,-10.37431527685094,15848931.92461121,-10.54209436361508,15848931.92461121,-10.39193380329117,15848931.92461121,-2.681312476967311,15848931.92461121,-11.71027192044438,15848931.92461121,-14.34767979190768,15848931.92461121,-14.69243511075125,15848931.92461121,-14.69489984531335,15848931.92461121,-8.610674058684788,15848931.92461121,-11.27096736660321,15848931.92461121,-15.75717207685981,15848931.92461121,-16.1445144283423,15848931.92461121,-16.19149353156668,15848931.92461121,-10.34828719342212
19952623.14968889,-9.137036584364274,19952623.14968889,-10.89983374806745,19952623.14968889,-11.20328438279945,19952623.14968889,-11.16214048883359,19952623.14968889,-4.660275762556379,19952623.14968889,-8.877223279536818,19952623.14968889,-10.285377332927,19952623.14968889,-10.55796572758449,19952623.14968889,-10.49187972581127,19952623.14968889,-3.817296838033935,19952623.14968889,-7.542019066980813,19952623.14968889,-8.340652518822505,19952623.14968889,-8.519208139054342,19952623.14968889,-8.375714407007848,19952623.14968889,-1.375239493463937,19952623.14968889,-9.557467225717064,19952623.14968889,-12.25452614384033,19952623.14968889,-12.60534901631839,19952623.14968889,-12.60883039772984,19952623.14968889,-6.590034853596422,19952623.14968889,-9.083446590471997,19952623.14968889,-13.64474397416712,19952623.14968889,-14.03653696419643,19952623.14968889,-14.08272774119095,19952623.14968889,-8.268592227187591
25118864.31509592,-6.945813642076552,25118864.31509592,-8.787369312378081,25118864.31509592,-9.102850185231086,25118864.31509592,-9.066394681860066,25118864.31509592,-2.827583480636324,25118864.31509592,-6.708079756449542,25118864.31509592,-8.18587703250504,25118864.31509592,-8.471463350190453,25118864.31509592,-8.411453876351171,25118864.31509592,-2.107971872810606,25118864.31509592,-5.431948200436644,25118864.31509592,-6.282737068233188,25118864.31509592,-6.478200982565617,25118864.31509592,-6.346082929630221,25118864.31509592,-0.2899732602123838,25118864.31509592,-7.316874413346538,25118864.31509592,-10.10414472273485,25118864.31509592,-10.46388270260883,25118864.31509592,-10.46869356514884,25118864.31509592,-4.560076421657864,25118864.31509592,-6.78998657388202,25118864.31509592,-11.46516048870913,25118864.31509592,-11.86330146682042,25118864.31509592,-11.90783637253788,25118864.31509592,-6.144011177607427
31622776.60168395,-4.637028221186856,31622776.60168395,-6.594619587780039,31622776.60168395,-6.927530413869003,31622776.60168395,-6.898080344590521,31622776.60168395,-1.07446379631939,31622776.60168395,-4.431894439266335,31622776.60168395,-6.011943613167483,31622776.60168395,-6.316583938651027,31622776.60168395,-6.266065867622215,31622776.60168395,-0.5245586644991619,31622776.60168395,-3.244305135360434,31622776.60168395,-4.170019466096494,31622776.60168395,-4.391147497973582,31622776.60168395,-4.277707614998958,31622776.60168395,0.5759717440498474,31622776.60168395,-4.936396766585538,31622776.60168395,-7.857144313896105,31622776.60168395,-8.229419916343321,31622776.60168395,-8.235529066105649,31622776.60168395,-2.515203318477043,31622776.60168395,-4.332198166059353,31622776.60168395,-9.176305114133012,31622776.60168395,-9.582974797576771,31622776.60168395,-9.623925976855606,31622776.60168395,-3.948809820135124
39810717.05534992,-2.138591931030851,39810717.05534992,-4.260634917709774,39810717.05534992,-4.617548134808602,39810717.05534992,-4.597922207550404,39810717.05534992,0.5668211395799677,39810717.05534992,-1.979659489289363,39810717.05534992,-3.703763673733755,39810717.05534992,-4.035075791239066,39810717.05534992,-3.998803910862901,39810717.05534992,0.8977924903390646,39810717.05534992,-0.9211218950243485,39810717.05534992,-1.948638631886655,39810717.05534992,-2.207223298703326,39810717.05534992,-2.123727905135884,39810717.05534992,1.240874305140732,39810717.05534992,-2.338666636133469,39810717.05534992,-5.45039912536991,39810717.05534992,-5.839220377562707,39810717.05534992,-5.845546706823743,39810717.05534992,-0.4576914817789403,39810717.05534992,-1.625934983965551,39810717.05534992,-6.71355120755709,39810717.05534992,-7.13071543564799,39810717.05534992,-7.164076159136544,39810717.05534992,-1.652870019954488
50118723.36272748,0.6501854447121858,50118723.36272748,-1.692302544474056,50118723.36272748,-2.080018422905439,50118723.36272748,-2.07281757735416,50118723.36272748,2.036970573801931,50118723.36272748,0.7455710697381213,50118723.36272748,-1.169404266255434,50118723.36272748,-1.535708183013451,50118723.36272748,-1.519573961341639,50118723.36272748,2.110348812837032,50118723.36272748,1.615610097021494,50118723.36272748,0.461556752165298,50118723.36272748,0.1512953486401419,50118723.36272748,0.1881229323457878,50118723.36272748,1.728921405655339,50118723.36272748,0.5821553476841371,50118723.36272748,-2.791371228011387,50118723.36272748,-3.200252973726101,50118723.36272748,-3.20323766992133,50118723.36272748,1.572338900208965,50118723.36272748,1.442040153912469,50118723.36272748,-3.986183870987921,50118723.36272748,-4.414828086038305,50118723.36272748,-4.432888976483829,50118723.36272748,0.7521115407648945
63095734.44801965,3.846759121000972,63095734.44801965,1.229082379961113,63095734.44801965,0.8050468535201665,63095734.44801965,0.7991117006531006,63095734.44801965,3.230647829816883,63095734.44801965,3.854349598802543,63095734.44801965,1.707089598241492,63095734.44801965,1.298469066990419,63095734.44801965,1.288484407440073,63095734.44801965,3.044312715003901,63095734.44801965,4.437123292509955,63095734.44801965,3.148649091006245,63095734.44801965,2.772814600257339,63095734.44801965,2.739572529307784,63095734.44801965,2.060644937900205,63095734.44801965,3.953629572840233,63095734.44801965,0.2363131384150532,63095734.44801965,-0.1947902040674607,63095734.44801965,-0.1860545308527242,63095734.44801965,3.431106828327416,63095734.44801965,5.012153835593306,63095734.44801965,-0.884075108787139,63095734.44801965,-1.323876022863385,63095734.44801965,-1.312931343985187,63095734.44801965,3.166089083797117
79432823.47242856,7.542061262993055,79432823.47242856,4.615750258105092,79432823.47242856,4.152160403508427,79432823.47242856,4.135515830222865,79432823.47242856,4.023244405408141,79432823.47242856,7.419311381905016,79432823.47242856,5.028034952985496,79432823.47242856,4.572615787696781,79432823.47242856,4.530693754941443,79432823.47242856,3.636579862666068,79432823.47242856,7.53018468062892,79432823.47242856,6.149603620883015,79432823.47242856,5.701224474103434,79432823.47242856,5.56593791060773,79432823.47242856,2.255313021154948,79432823.47242856,7.901095289718094,79432823.47242856,3.750756886392092,79432823.47242856,3.296151177686186,79432823.47242856,3.332515797551237,79432823.47242856,4.831316214897809,79432823.47242856,9.243137645190245,79432823.47242856,2.705184286210272,79432823.47242856,2.254561475456381,79432823.47242856,2.317574717370125,79432823.47242856,5.230411669971281
100000000,11.65887338627699,100000000,8.509888016346087,100000000,8.007232596825212,100000000,7.978183612546555,100000000,4.380634425912116,100000000,11.32175657998161,100000000,8.801882254329106,100000000,8.301905393688054,100000000,8.212965293930662,100000000,3.896078547681163,100000000,10.63380679340664,100000000,9.332281945650081,100000000,8.827633783752969,100000000,8.545273214732148,100000000,2.342240155960614,100000000,12.44516587257155,100000000,7.840645679689296,100000000,7.360226339094468,100000000,7.44658693461365,100000000,5.529957350654263,100000000,14.21200442873285,100000000,6.886970916768738,100000000,6.422832224801149,100000000,6.575388686545733,100000000,6.412883495985259
