VREF,IREF,VDD,IDD
0,-1.21381E-05,2.2,4.11899E-05
0.001,-1.21399E-05,2.2,4.11519E-05
0.002,-1.21399E-05,2.2,4.10733E-05
0.003,-1.2144E-05,2.2,4.10259E-05
0.004,-1.21337E-05,2.2,4.10664E-05
0.005,-1.21281E-05,2.2,4.09352E-05
0.006,-1.21265E-05,2.2,4.07866E-05
0.007,-1.21298E-05,2.2,4.06107E-05
0.008,-1.21302E-05,2.2,4.07548E-05
0.009,-1.21304E-05,2.2,4.08563E-05
0.01,-1.21466E-05,2.2,4.09906E-05
0.011,-1.21391E-05,2.2,4.09554E-05
0.012,-1.21312E-05,2.2,4.09064E-05
0.013,-1.21314E-05,2.2,4.09469E-05
0.014,-1.21313E-05,2.2,4.09014E-05
0.015,-1.21305E-05,2.2,4.08341E-05
0.016,-1.21355E-05,2.2,4.08022E-05
0.017,-1.21326E-05,2.2,4.07807E-05
0.018,-1.21312E-05,2.2,4.08051E-05
0.019,-1.21319E-05,2.2,4.07598E-05
0.02,-1.21305E-05,2.2,4.09132E-05
0.021,-1.21297E-05,2.2,4.08571E-05
0.022,-1.21343E-05,2.2,4.08012E-05
0.023,-1.21283E-05,2.2,4.0789E-05
0.024,-1.21266E-05,2.2,4.08571E-05
0.025,-1.21288E-05,2.2,4.08004E-05
0.026,-1.21274E-05,2.2,4.07396E-05
0.027,-1.21245E-05,2.2,4.07084E-05
0.028,-1.21274E-05,2.2,4.08015E-05
0.029,-1.21324E-05,2.2,4.07707E-05
0.03,-1.21275E-05,2.2,4.0791E-05
0.031,-1.21242E-05,2.2,4.07959E-05
0.032,-1.21268E-05,2.2,4.08382E-05
0.033,-1.21239E-05,2.2,4.08472E-05
0.034,-1.21231E-05,2.2,4.07888E-05
0.035,-1.21264E-05,2.2,4.07376E-05
0.036,-1.21265E-05,2.2,4.07821E-05
0.037,-1.21239E-05,2.2,4.08849E-05
0.038,-1.2124E-05,2.2,4.08525E-05
0.039,-1.21223E-05,2.2,4.07003E-05
0.04,-1.21271E-05,2.2,4.07571E-05
0.041,-1.212E-05,2.2,4.09401E-05
0.042,-1.21254E-05,2.2,4.08257E-05
0.043,-1.21261E-05,2.2,4.06846E-05
0.044,-1.21232E-05,2.2,4.07652E-05
0.045,-1.21255E-05,2.2,4.08512E-05
0.046,-1.21285E-05,2.2,4.07835E-05
0.047,-1.21204E-05,2.2,4.06595E-05
0.048,-1.21348E-05,2.2,4.06943E-05
0.049,-1.21343E-05,2.2,4.08037E-05
0.05,-1.21238E-05,2.2,4.08265E-05
0.051,-1.21215E-05,2.2,4.07594E-05
0.052,-1.21186E-05,2.2,4.06759E-05
0.053,-1.21232E-05,2.2,4.06396E-05
0.054,-1.21244E-05,2.2,4.07391E-05
0.055,-1.21227E-05,2.2,4.07877E-05
0.056,-1.2122E-05,2.2,4.07557E-05
0.057,-1.21212E-05,2.2,0.000040753
0.058,-1.21275E-05,2.2,4.07733E-05
0.059,-1.21252E-05,2.2,4.08909E-05
0.06,-1.21335E-05,2.2,4.08932E-05
0.061,-1.21357E-05,2.2,4.08774E-05
0.062,-1.21324E-05,2.2,4.07791E-05
0.063,-1.21315E-05,2.2,4.07448E-05
0.064,-1.21351E-05,2.2,4.07063E-05
0.065,-1.21252E-05,2.2,4.07018E-05
0.066,-1.21244E-05,2.2,4.06859E-05
0.067,-1.21235E-05,2.2,4.07591E-05
0.068,-1.21192E-05,2.2,4.07782E-05
0.069,-1.21217E-05,2.2,4.0692E-05
0.07,-1.21223E-05,2.2,4.06803E-05
0.071,-1.212E-05,2.2,4.06855E-05
0.072,-1.212E-05,2.2,4.07373E-05
0.073,-1.2124E-05,2.2,4.08418E-05
0.074,-1.21231E-05,2.2,4.08731E-05
0.075,-1.21234E-05,2.2,4.08342E-05
0.076,-1.21219E-05,2.2,4.07392E-05
0.077,-1.2122E-05,2.2,4.07368E-05
0.078,-1.21229E-05,2.2,4.07608E-05
0.079,-0.000012121,2.2,4.07546E-05
0.08,-1.21272E-05,2.2,4.08795E-05
0.081,-1.21241E-05,2.2,4.07741E-05
0.082,-1.21212E-05,2.2,4.08834E-05
0.083,-1.2125E-05,2.2,4.08705E-05
0.084,-1.21305E-05,2.2,4.07684E-05
0.085,-1.21335E-05,2.2,4.08128E-05
0.086,-1.21226E-05,2.2,4.08892E-05
0.087,-1.21219E-05,2.2,4.09044E-05
0.088,-1.21249E-05,2.2,4.08704E-05
0.089,-1.21271E-05,2.2,4.07132E-05
0.09,-1.21265E-05,2.2,4.07375E-05
0.091,-1.21215E-05,2.2,4.07431E-05
0.092,-1.21234E-05,2.2,4.08685E-05
0.093,-1.21227E-05,2.2,4.07687E-05
0.094,-1.21261E-05,2.2,4.07588E-05
0.095,-1.21245E-05,2.2,4.09171E-05
0.096,-1.21214E-05,2.2,4.09008E-05
0.097,-1.21261E-05,2.2,4.08497E-05
0.098,-1.21306E-05,2.2,4.0839E-05
0.099,-1.21292E-05,2.2,4.08972E-05
0.1,-1.21248E-05,2.2,4.0906E-05
0.101,-1.21237E-05,2.2,4.08835E-05
0.102,-1.21405E-05,2.2,4.082E-05
0.103,-1.21263E-05,2.2,4.07464E-05
0.104,-1.21237E-05,2.2,4.07212E-05
0.105,-1.21243E-05,2.2,4.08169E-05
0.106,-1.21221E-05,2.2,4.07305E-05
0.107,-1.21213E-05,2.2,4.07138E-05
0.108,-1.21264E-05,2.2,4.07986E-05
0.109,-1.21231E-05,2.2,4.07396E-05
0.11,-1.21249E-05,2.2,4.0696E-05
0.111,-1.21247E-05,2.2,4.0813E-05
0.112,-1.21286E-05,2.2,4.08599E-05
0.113,-1.21261E-05,2.2,4.08319E-05
0.114,-1.21287E-05,2.2,4.08316E-05
0.115,-1.21253E-05,2.2,4.08729E-05
0.116,-1.21274E-05,2.2,4.08814E-05
0.117,-1.21249E-05,2.2,4.06995E-05
0.118,-1.21287E-05,2.2,4.07464E-05
0.119,-1.21264E-05,2.2,4.08029E-05
0.12,-1.21258E-05,2.2,4.08726E-05
0.121,-1.21266E-05,2.2,4.06862E-05
0.122,-1.21302E-05,2.2,4.07205E-05
0.123,-1.21271E-05,2.2,4.08782E-05
0.124,-1.21344E-05,2.2,4.08379E-05
0.125,-1.21334E-05,2.2,4.07665E-05
0.126,-1.21268E-05,2.2,4.07366E-05
0.127,-1.21234E-05,2.2,4.07458E-05
0.128,-1.21266E-05,2.2,4.07469E-05
0.129,-1.21284E-05,2.2,4.07723E-05
0.13,-1.21281E-05,2.2,4.06751E-05
0.131,-1.21246E-05,2.2,4.06628E-05
0.132,-1.21258E-05,2.2,4.06125E-05
0.133,-1.21231E-05,2.2,4.06947E-05
0.134,-1.21208E-05,2.2,4.07082E-05
0.135,-1.21247E-05,2.2,4.06899E-05
0.136,-1.21205E-05,2.2,4.07877E-05
0.137,-1.21275E-05,2.2,4.0858E-05
0.138,-1.21304E-05,2.2,4.07481E-05
0.139,-1.21251E-05,2.2,4.07791E-05
0.14,-1.21353E-05,2.2,4.0771E-05
0.141,-1.21255E-05,2.2,4.07171E-05
0.142,-1.21383E-05,2.2,4.0815E-05
0.143,-1.21344E-05,2.2,4.08329E-05
0.144,-1.2127E-05,2.2,4.07111E-05
0.145,-1.21255E-05,2.2,4.08584E-05
0.146,-1.21278E-05,2.2,4.07414E-05
0.147,-1.21225E-05,2.2,4.0784E-05
0.148,-1.21302E-05,2.2,4.07691E-05
0.149,-1.21323E-05,2.2,4.07821E-05
0.15,-1.21236E-05,2.2,4.07653E-05
0.151,-1.21237E-05,2.2,4.06693E-05
0.152,-1.21244E-05,2.2,4.06653E-05
0.153,-1.21433E-05,2.2,4.07938E-05
0.154,-1.21295E-05,2.2,4.08269E-05
0.155,-1.21223E-05,2.2,4.0864E-05
0.156,-1.21251E-05,2.2,4.08676E-05
0.157,-1.21216E-05,2.2,4.07795E-05
0.158,-1.21268E-05,2.2,4.08483E-05
0.159,-1.2129E-05,2.2,4.08954E-05
0.16,-1.21221E-05,2.2,4.08594E-05
0.161,-1.21291E-05,2.2,4.07627E-05
0.162,-1.21213E-05,2.2,4.06814E-05
0.163,-1.21222E-05,2.2,4.07831E-05
0.164,-1.21234E-05,2.2,4.08205E-05
0.165,-1.21227E-05,2.2,4.07493E-05
0.166,-1.21274E-05,2.2,4.07716E-05
0.167,-1.21258E-05,2.2,4.08078E-05
0.168,-1.21246E-05,2.2,4.08187E-05
0.169,-1.21267E-05,2.2,4.07642E-05
0.17,-1.21271E-05,2.2,4.07671E-05
0.171,-1.21213E-05,2.2,4.07502E-05
0.172,-1.21267E-05,2.2,4.07852E-05
0.173,-1.21438E-05,2.2,4.08542E-05
0.174,-1.21377E-05,2.2,4.07719E-05
0.175,-1.21283E-05,2.2,4.07401E-05
0.176,-1.21271E-05,2.2,4.08069E-05
0.177,-1.21216E-05,2.2,4.07898E-05
0.178,-1.21282E-05,2.2,4.08104E-05
0.179,-1.21199E-05,2.2,4.07842E-05
0.18,-1.2119E-05,2.2,4.07837E-05
0.181,-1.21233E-05,2.2,0.000040756
0.182,-1.21194E-05,2.2,4.08198E-05
0.183,-1.2116E-05,2.2,4.07068E-05
0.184,-1.21174E-05,2.2,4.07116E-05
0.185,-1.21154E-05,2.2,4.06778E-05
0.186,-1.21097E-05,2.2,4.06546E-05
0.187,-1.21177E-05,2.2,4.07813E-05
0.188,-1.2117E-05,2.2,4.07511E-05
0.189,-1.21181E-05,2.2,4.07323E-05
0.19,-1.21199E-05,2.2,4.08255E-05
0.191,-1.21168E-05,2.2,4.07548E-05
0.192,-1.21164E-05,2.2,4.07311E-05
0.193,-1.21176E-05,2.2,4.06556E-05
0.194,-1.21173E-05,2.2,4.07237E-05
0.195,-1.21124E-05,2.2,4.06437E-05
0.196,-1.21145E-05,2.2,4.07686E-05
0.197,-1.21146E-05,2.2,4.07179E-05
0.198,-1.2117E-05,2.2,4.07763E-05
0.199,-1.21152E-05,2.2,4.07447E-05
0.2,-1.21162E-05,2.2,4.07178E-05
0.201,-1.21221E-05,2.2,4.07115E-05
0.202,-1.21192E-05,2.2,4.05899E-05
0.203,-1.21198E-05,2.2,4.06932E-05
0.204,-1.21211E-05,2.2,4.08156E-05
0.205,-1.21221E-05,2.2,4.08358E-05
0.206,-1.21188E-05,2.2,4.07625E-05
0.207,-1.21183E-05,2.2,4.06821E-05
0.208,-1.21183E-05,2.2,4.07019E-05
0.209,-1.21214E-05,2.2,4.07829E-05
0.21,-1.21183E-05,2.2,4.07562E-05
0.211,-1.21178E-05,2.2,4.08518E-05
0.212,-1.21183E-05,2.2,4.06798E-05
0.213,-1.21236E-05,2.2,4.06969E-05
0.214,-1.21176E-05,2.2,4.06934E-05
0.215,-1.21157E-05,2.2,4.07183E-05
0.216,-1.21159E-05,2.2,4.07778E-05
0.217,-1.21127E-05,2.2,4.08405E-05
0.218,-1.21245E-05,2.2,4.08783E-05
0.219,-1.2121E-05,2.2,4.07495E-05
0.22,-1.21184E-05,2.2,4.0737E-05
0.221,-1.21158E-05,2.2,4.07338E-05
0.222,-1.21153E-05,2.2,4.07986E-05
0.223,-1.21245E-05,2.2,4.08004E-05
0.224,-1.21178E-05,2.2,4.06912E-05
0.225,-1.21214E-05,2.2,4.06206E-05
0.226,-1.21221E-05,2.2,4.07755E-05
0.227,-1.21297E-05,2.2,4.08384E-05
0.228,-1.21188E-05,2.2,4.07155E-05
0.229,-1.21211E-05,2.2,4.07035E-05
0.23,-1.21207E-05,2.2,4.07817E-05
0.231,-1.21214E-05,2.2,4.08579E-05
0.232,-1.21187E-05,2.2,4.0851E-05
0.233,-1.21198E-05,2.2,4.09169E-05
0.234,-1.21176E-05,2.2,4.07492E-05
0.235,-1.21237E-05,2.2,4.07197E-05
0.236,-1.2122E-05,2.2,4.07702E-05
0.237,-1.21229E-05,2.2,4.07607E-05
0.238,-1.21246E-05,2.2,4.07614E-05
0.239,-1.21249E-05,2.2,4.08334E-05
0.24,-1.21239E-05,2.2,4.08027E-05
0.241,-1.21229E-05,2.2,4.08868E-05
0.242,-1.21245E-05,2.2,4.0854E-05
0.243,-1.21256E-05,2.2,4.08553E-05
0.244,-1.21256E-05,2.2,4.09152E-05
0.245,-1.21233E-05,2.2,4.09034E-05
0.246,-1.2129E-05,2.2,4.07355E-05
0.247,-1.21221E-05,2.2,4.07796E-05
0.248,-1.21233E-05,2.2,4.07219E-05
0.249,-1.21219E-05,2.2,4.07653E-05
0.25,-1.21237E-05,2.2,4.07858E-05
0.251,-1.21282E-05,2.2,4.08268E-05
0.252,-1.21277E-05,2.2,4.07718E-05
0.253,-1.21276E-05,2.2,4.08325E-05
0.254,-1.21266E-05,2.2,4.07699E-05
0.255,-1.2126E-05,2.2,4.08776E-05
0.256,-1.21278E-05,2.2,0.000040747
0.257,-1.21261E-05,2.2,4.07656E-05
0.258,-1.21171E-05,2.2,4.06737E-05
0.259,-1.21185E-05,2.2,4.0662E-05
0.26,-1.21309E-05,2.2,4.08631E-05
0.261,-1.21187E-05,2.2,4.06393E-05
0.262,-1.2117E-05,2.2,4.07232E-05
0.263,-1.2116E-05,2.2,4.06986E-05
0.264,-1.21157E-05,2.2,4.07483E-05
0.265,-1.21183E-05,2.2,4.07932E-05
0.266,-1.21138E-05,2.2,4.06213E-05
0.267,-1.21167E-05,2.2,4.07375E-05
0.268,-1.21148E-05,2.2,4.07323E-05
0.269,-1.21148E-05,2.2,4.06148E-05
0.27,-1.21148E-05,2.2,4.06299E-05
0.271,-1.21155E-05,2.2,4.06266E-05
0.272,-1.21167E-05,2.2,4.06168E-05
0.273,-1.21136E-05,2.2,4.07385E-05
0.274,-1.21132E-05,2.2,4.07325E-05
0.275,-1.21154E-05,2.2,4.07417E-05
0.276,-1.21194E-05,2.2,4.08264E-05
0.277,-1.21151E-05,2.2,4.08365E-05
0.278,-1.21187E-05,2.2,4.07645E-05
0.279,-1.21186E-05,2.2,4.07998E-05
0.28,-1.21233E-05,2.2,4.08495E-05
0.281,-1.21169E-05,2.2,4.07583E-05
0.282,-1.21112E-05,2.2,4.08234E-05
0.283,-1.21111E-05,2.2,4.07453E-05
0.284,-1.21149E-05,2.2,4.08099E-05
0.285,-1.21148E-05,2.2,4.08667E-05
0.286,-1.21182E-05,2.2,4.09011E-05
0.287,-1.21195E-05,2.2,4.08544E-05
0.288,-1.21172E-05,2.2,4.08368E-05
0.289,-1.21125E-05,2.2,4.07546E-05
0.29,-1.21151E-05,2.2,4.07559E-05
0.291,-1.21142E-05,2.2,4.08704E-05
0.292,-1.21127E-05,2.2,4.08646E-05
0.293,-1.21127E-05,2.2,4.08348E-05
0.294,-1.21136E-05,2.2,4.08444E-05
0.295,-1.21118E-05,2.2,4.08488E-05
0.296,-1.21116E-05,2.2,4.07837E-05
0.297,-1.21135E-05,2.2,4.07775E-05
0.298,-1.21157E-05,2.2,4.06678E-05
0.299,-1.21182E-05,2.2,4.06628E-05
0.3,-1.21126E-05,2.2,4.06461E-05
0.301,-1.2115E-05,2.2,4.07434E-05
0.302,-1.21164E-05,2.2,4.08587E-05
0.303,-1.21153E-05,2.2,4.0866E-05
0.304,-1.21186E-05,2.2,4.07032E-05
0.305,-1.21167E-05,2.2,4.0606E-05
0.306,-1.21213E-05,2.2,4.08392E-05
0.307,-1.21225E-05,2.2,4.09138E-05
0.308,-1.21197E-05,2.2,4.07718E-05
0.309,-1.21199E-05,2.2,4.07078E-05
0.31,-1.21176E-05,2.2,4.06748E-05
0.311,-1.2118E-05,2.2,4.07757E-05
0.312,-1.21222E-05,2.2,4.07359E-05
0.313,-1.21189E-05,2.2,4.07673E-05
0.314,-1.2118E-05,2.2,4.06582E-05
0.315,-1.21174E-05,2.2,4.05936E-05
0.316,-1.21203E-05,2.2,4.07413E-05
0.317,-1.21283E-05,2.2,4.08255E-05
0.318,-1.2127E-05,2.2,4.08034E-05
0.319,-1.21204E-05,2.2,4.07263E-05
0.32,-1.21186E-05,2.2,4.0717E-05
0.321,-1.21174E-05,2.2,4.08495E-05
0.322,-1.21183E-05,2.2,4.08959E-05
0.323,-1.21181E-05,2.2,4.08236E-05
0.324,-1.21164E-05,2.2,4.08505E-05
0.325,-1.21167E-05,2.2,4.08036E-05
0.326,-1.21149E-05,2.2,4.08229E-05
0.327,-1.21151E-05,2.2,4.07676E-05
0.328,-1.21166E-05,2.2,4.07691E-05
0.329,-1.21148E-05,2.2,4.08578E-05
0.33,-1.21172E-05,2.2,4.08718E-05
0.331,-1.21158E-05,2.2,4.08768E-05
0.332,-1.21185E-05,2.2,4.0903E-05
0.333,-1.2116E-05,2.2,4.07809E-05
0.334,-1.21148E-05,2.2,4.08578E-05
0.335,-1.21147E-05,2.2,4.08384E-05
0.336,-1.21141E-05,2.2,4.07304E-05
0.337,-1.21142E-05,2.2,4.07747E-05
0.338,-1.21157E-05,2.2,4.08789E-05
0.339,-1.21145E-05,2.2,4.08036E-05
0.34,-1.21203E-05,2.2,4.075E-05
0.341,-1.21141E-05,2.2,4.07724E-05
0.342,-1.21177E-05,2.2,4.07638E-05
0.343,-1.21125E-05,2.2,4.07178E-05
0.344,-1.21121E-05,2.2,4.07378E-05
0.345,-1.2112E-05,2.2,4.07483E-05
0.346,-1.21138E-05,2.2,4.07731E-05
0.347,-1.21118E-05,2.2,4.08074E-05
0.348,-1.21163E-05,2.2,4.07708E-05
0.349,-1.21198E-05,2.2,4.08053E-05
0.35,-1.21161E-05,2.2,4.07775E-05
0.351,-1.21146E-05,2.2,4.07407E-05
0.352,-1.21172E-05,2.2,4.08624E-05
0.353,-1.21157E-05,2.2,0.000040805
0.354,-1.21184E-05,2.2,4.07841E-05
0.355,-1.21137E-05,2.2,4.07933E-05
0.356,-1.21229E-05,2.2,4.09013E-05
0.357,-1.21223E-05,2.2,4.09603E-05
0.358,-1.21197E-05,2.2,4.09267E-05
0.359,-1.21235E-05,2.2,4.09022E-05
0.36,-1.21217E-05,2.2,4.07594E-05
0.361,-1.21197E-05,2.2,4.08961E-05
0.362,-1.21218E-05,2.2,4.0887E-05
0.363,-1.21201E-05,2.2,4.08083E-05
0.364,-1.21219E-05,2.2,4.08648E-05
0.365,-1.21227E-05,2.2,4.08963E-05
0.366,-1.21211E-05,2.2,4.08991E-05
0.367,-1.21183E-05,2.2,4.08301E-05
0.368,-1.21216E-05,2.2,4.08314E-05
0.369,-1.21206E-05,2.2,4.08927E-05
0.37,-1.21203E-05,2.2,4.09018E-05
0.371,-1.2119E-05,2.2,4.09478E-05
0.372,-1.21299E-05,2.2,4.09013E-05
0.373,-1.21308E-05,2.2,4.07415E-05
0.374,-1.21212E-05,2.2,4.07314E-05
0.375,-1.21197E-05,2.2,4.08374E-05
0.376,-1.21185E-05,2.2,4.0724E-05
0.377,-1.21206E-05,2.2,4.06759E-05
0.378,-1.21182E-05,2.2,4.06949E-05
0.379,-1.21215E-05,2.2,4.06794E-05
0.38,-1.21168E-05,2.2,4.08685E-05
0.381,-1.21243E-05,2.2,4.08485E-05
0.382,-1.21248E-05,2.2,4.07476E-05
0.383,-1.21246E-05,2.2,4.07655E-05
0.384,-1.21232E-05,2.2,4.08038E-05
0.385,-1.21275E-05,2.2,4.08469E-05
0.386,-1.21213E-05,2.2,4.07955E-05
0.387,-1.21241E-05,2.2,4.07301E-05
0.388,-1.21263E-05,2.2,4.06494E-05
0.389,-1.21279E-05,2.2,4.07424E-05
0.39,-1.21282E-05,2.2,4.06847E-05
0.391,-1.21233E-05,2.2,4.05799E-05
0.392,-1.21162E-05,2.2,4.06249E-05
0.393,-1.21175E-05,2.2,4.06917E-05
0.394,-1.21183E-05,2.2,4.06308E-05
0.395,-1.21166E-05,2.2,4.06348E-05
0.396,-1.2121E-05,2.2,4.07877E-05
0.397,-1.21185E-05,2.2,4.08822E-05
0.398,-1.21175E-05,2.2,4.07834E-05
0.399,-1.21211E-05,2.2,4.08668E-05
0.4,-1.21208E-05,2.2,4.08621E-05
0.401,-1.21222E-05,2.2,4.09529E-05
0.402,-1.21185E-05,2.2,4.08986E-05
0.403,-1.21229E-05,2.2,4.0782E-05
0.404,-1.21274E-05,2.2,4.0825E-05
0.405,-1.21201E-05,2.2,4.07843E-05
0.406,-1.21163E-05,2.2,4.0824E-05
0.407,-1.21177E-05,2.2,4.082E-05
0.408,-1.2121E-05,2.2,4.06899E-05
0.409,-0.00001212,2.2,4.08007E-05
0.41,-1.21199E-05,2.2,4.07471E-05
0.411,-1.21193E-05,2.2,4.07923E-05
0.412,-1.21261E-05,2.2,4.08333E-05
0.413,-1.21306E-05,2.2,4.07211E-05
0.414,-1.21269E-05,2.2,4.07558E-05
0.415,-1.21284E-05,2.2,4.09113E-05
0.416,-1.21276E-05,2.2,4.08031E-05
0.417,-1.21258E-05,2.2,4.07601E-05
0.418,-1.21315E-05,2.2,4.06793E-05
0.419,-1.21205E-05,2.2,4.07462E-05
0.42,-1.21163E-05,2.2,4.06728E-05
0.421,-1.21184E-05,2.2,4.07187E-05
0.422,-1.21272E-05,2.2,4.07885E-05
0.423,-1.21231E-05,2.2,4.0829E-05
0.424,-1.21208E-05,2.2,4.08704E-05
0.425,-1.21286E-05,2.2,4.08977E-05
0.426,-1.21306E-05,2.2,4.08755E-05
0.427,-1.21253E-05,2.2,4.08152E-05
0.428,-1.21205E-05,2.2,4.08324E-05
0.429,-1.21235E-05,2.2,4.07859E-05
0.43,-1.21186E-05,2.2,4.08157E-05
0.431,-1.21251E-05,2.2,4.07689E-05
0.432,-1.21253E-05,2.2,4.08033E-05
0.433,-1.21221E-05,2.2,4.07818E-05
0.434,-1.21166E-05,2.2,4.08034E-05
0.435,-1.21183E-05,2.2,4.07935E-05
0.436,-1.21122E-05,2.2,4.07844E-05
0.437,-1.21161E-05,2.2,4.07702E-05
0.438,-1.21137E-05,2.2,4.06684E-05
0.439,-1.21147E-05,2.2,4.0673E-05
0.44,-1.21205E-05,2.2,4.05978E-05
0.441,-1.21197E-05,2.2,4.07584E-05
0.442,-1.21124E-05,2.2,4.07905E-05
0.443,-1.21134E-05,2.2,4.07111E-05
0.444,-1.21129E-05,2.2,4.07209E-05
0.445,-1.21172E-05,2.2,4.08059E-05
0.446,-1.21099E-05,2.2,4.08556E-05
0.447,-1.21128E-05,2.2,4.08451E-05
0.448,-1.21118E-05,2.2,4.07039E-05
0.449,-1.21093E-05,2.2,4.07302E-05
0.45,-1.21104E-05,2.2,4.07992E-05
0.451,-1.21138E-05,2.2,4.0851E-05
0.452,-1.21111E-05,2.2,4.07492E-05
0.453,-1.21214E-05,2.2,4.07754E-05
0.454,-1.21196E-05,2.2,4.07792E-05
0.455,-1.21173E-05,2.2,4.08304E-05
0.456,-1.21231E-05,2.2,4.09891E-05
0.457,-1.2123E-05,2.2,4.0786E-05
0.458,-1.21267E-05,2.2,4.08308E-05
0.459,-1.21185E-05,2.2,4.08143E-05
0.46,-1.21133E-05,2.2,4.07997E-05
0.461,-1.21225E-05,2.2,4.07442E-05
0.462,-1.21124E-05,2.2,4.06654E-05
0.463,-1.21128E-05,2.2,4.06907E-05
0.464,-1.21333E-05,2.2,4.08142E-05
0.465,-1.2119E-05,2.2,4.07968E-05
0.466,-1.21222E-05,2.2,4.08027E-05
0.467,-1.21233E-05,2.2,4.0776E-05
0.468,-1.21218E-05,2.2,4.07693E-05
0.469,-0.000012121,2.2,4.08457E-05
0.47,-1.21159E-05,2.2,4.07627E-05
0.471,-1.21187E-05,2.2,4.07332E-05
0.472,-1.21176E-05,2.2,4.08235E-05
0.473,-1.21158E-05,2.2,4.09449E-05
0.474,-1.21178E-05,2.2,4.09515E-05
0.475,-1.21171E-05,2.2,4.08454E-05
0.476,-1.21087E-05,2.2,4.07881E-05
0.477,-1.21109E-05,2.2,4.07638E-05
0.478,-1.21136E-05,2.2,4.07493E-05
0.479,-1.2113E-05,2.2,4.07531E-05
0.48,-1.2111E-05,2.2,4.07475E-05
0.481,-1.21084E-05,2.2,4.07378E-05
0.482,-1.2109E-05,2.2,4.07432E-05
0.483,-1.21115E-05,2.2,4.07185E-05
0.484,-1.21098E-05,2.2,4.07436E-05
0.485,-1.2116E-05,2.2,4.08084E-05
0.486,-1.2109E-05,2.2,4.07449E-05
0.487,-1.2114E-05,2.2,4.06975E-05
0.488,-1.21118E-05,2.2,4.07634E-05
0.489,-1.21124E-05,2.2,4.07402E-05
0.49,-1.21104E-05,2.2,4.08604E-05
0.491,-1.21112E-05,2.2,4.08964E-05
0.492,-1.21094E-05,2.2,4.09135E-05
0.493,-1.21108E-05,2.2,4.07015E-05
0.494,-1.21086E-05,2.2,4.06836E-05
0.495,-1.21108E-05,2.2,4.07889E-05
0.496,-1.2115E-05,2.2,4.07141E-05
0.497,-1.2111E-05,2.2,4.07066E-05
0.498,-1.21132E-05,2.2,4.06638E-05
0.499,-1.21139E-05,2.2,4.07286E-05
0.5,-1.21077E-05,2.2,4.07376E-05
0.501,-1.21114E-05,2.2,4.07938E-05
0.502,-1.21117E-05,2.2,4.08311E-05
0.503,-1.21115E-05,2.2,4.07937E-05
0.504,-1.21116E-05,2.2,4.08804E-05
0.505,-1.21061E-05,2.2,4.08175E-05
0.506,-1.21081E-05,2.2,4.07845E-05
0.507,-1.21136E-05,2.2,4.07544E-05
0.508,-1.21141E-05,2.2,4.07186E-05
0.509,-1.2109E-05,2.2,4.07319E-05
0.51,-1.21111E-05,2.2,4.08369E-05
0.511,-1.21072E-05,2.2,4.0762E-05
0.512,-1.21122E-05,2.2,4.07573E-05
0.513,-1.21119E-05,2.2,4.07909E-05
0.514,-1.21149E-05,2.2,4.07752E-05
0.515,-1.21111E-05,2.2,4.08096E-05
0.516,-1.21128E-05,2.2,4.0755E-05
0.517,-1.21139E-05,2.2,4.08645E-05
0.518,-1.21126E-05,2.2,4.07069E-05
0.519,-1.21108E-05,2.2,4.07463E-05
0.52,-1.21113E-05,2.2,4.06607E-05
0.521,-1.21119E-05,2.2,4.07307E-05
0.522,-1.21157E-05,2.2,0.000040714
0.523,-1.21094E-05,2.2,4.06605E-05
0.524,-1.21147E-05,2.2,4.07694E-05
0.525,-1.21074E-05,2.2,4.0861E-05
0.526,-1.21148E-05,2.2,4.08539E-05
0.527,-1.21161E-05,2.2,4.08272E-05
0.528,-1.21213E-05,2.2,4.07751E-05
0.529,-1.21157E-05,2.2,4.07067E-05
0.53,-1.2118E-05,2.2,4.08101E-05
0.531,-1.21172E-05,2.2,4.07694E-05
0.532,-1.21069E-05,2.2,4.07013E-05
0.533,-1.21063E-05,2.2,4.07301E-05
0.534,-1.21084E-05,2.2,4.07856E-05
0.535,-1.21021E-05,2.2,4.07739E-05
0.536,-1.21076E-05,2.2,4.08334E-05
0.537,-1.21077E-05,2.2,4.08456E-05
0.538,-1.21126E-05,2.2,4.07105E-05
0.539,-1.21054E-05,2.2,4.06426E-05
0.54,-1.21061E-05,2.2,4.06432E-05
0.541,-1.21045E-05,2.2,4.06413E-05
0.542,-1.21027E-05,2.2,4.07509E-05
0.543,-1.21089E-05,2.2,4.07243E-05
0.544,-1.21059E-05,2.2,4.06042E-05
0.545,-1.21082E-05,2.2,4.07468E-05
0.546,-1.21039E-05,2.2,4.07787E-05
0.547,-1.21067E-05,2.2,4.06926E-05
0.548,-1.21187E-05,2.2,4.06302E-05
0.549,-1.21174E-05,2.2,4.06201E-05
0.55,-1.21184E-05,2.2,4.06836E-05
0.551,-1.2115E-05,2.2,4.06077E-05
0.552,-1.21139E-05,2.2,4.0621E-05
0.553,-1.21176E-05,2.2,4.06833E-05
0.554,-1.21041E-05,2.2,4.07169E-05
0.555,-1.21073E-05,2.2,4.0664E-05
0.556,-1.21083E-05,2.2,4.06873E-05
0.557,-1.21111E-05,2.2,4.06916E-05
0.558,-1.21075E-05,2.2,4.08116E-05
0.559,-1.2102E-05,2.2,4.08743E-05
0.56,-1.21088E-05,2.2,4.07798E-05
0.561,-1.2107E-05,2.2,4.07185E-05
0.562,-1.21043E-05,2.2,4.07884E-05
0.563,-1.21097E-05,2.2,4.08749E-05
0.564,-1.21089E-05,2.2,4.08446E-05
0.565,-1.21077E-05,2.2,4.08801E-05
0.566,-1.21044E-05,2.2,4.08254E-05
0.567,-1.21051E-05,2.2,4.08791E-05
0.568,-1.21076E-05,2.2,4.08259E-05
0.569,-1.21022E-05,2.2,4.09169E-05
0.57,-1.21128E-05,2.2,4.08746E-05
0.571,-1.21176E-05,2.2,4.08436E-05
0.572,-1.21129E-05,2.2,4.08886E-05
0.573,-1.21142E-05,2.2,4.08417E-05
0.574,-1.21175E-05,2.2,4.08043E-05
0.575,-1.21148E-05,2.2,4.06678E-05
0.576,-0.000012106,2.2,4.06707E-05
0.577,-1.2105E-05,2.2,4.0821E-05
0.578,-1.21043E-05,2.2,4.07796E-05
0.579,-1.21103E-05,2.2,4.07377E-05
0.58,-1.21044E-05,2.2,4.06836E-05
0.581,-1.21065E-05,2.2,4.07166E-05
0.582,-1.21078E-05,2.2,4.08511E-05
0.583,-1.21089E-05,2.2,4.07208E-05
0.584,-1.21089E-05,2.2,4.07603E-05
0.585,-1.21089E-05,2.2,4.06986E-05
0.586,-1.21078E-05,2.2,4.07154E-05
0.587,-1.21088E-05,2.2,4.08038E-05
0.588,-1.21183E-05,2.2,4.07952E-05
0.589,-1.21165E-05,2.2,4.07671E-05
0.59,-1.21059E-05,2.2,4.078E-05
0.591,-1.21037E-05,2.2,4.07268E-05
0.592,-1.21097E-05,2.2,4.07276E-05
0.593,-1.21089E-05,2.2,4.07256E-05
0.594,-1.21195E-05,2.2,4.07171E-05
0.595,-1.21074E-05,2.2,4.08879E-05
0.596,-1.2114E-05,2.2,4.0812E-05
0.597,-1.21098E-05,2.2,4.07893E-05
0.598,-1.21049E-05,2.2,4.07879E-05
0.599,-1.21066E-05,2.2,4.06573E-05
0.6,-1.21075E-05,2.2,4.06704E-05
0.601,-1.21069E-05,2.2,4.06628E-05
0.602,-1.21066E-05,2.2,4.06836E-05
0.603,-1.2112E-05,2.2,4.05974E-05
0.604,-1.21137E-05,2.2,4.07197E-05
0.605,-1.21154E-05,2.2,4.07896E-05
0.606,-1.21177E-05,2.2,4.07281E-05
0.607,-1.21192E-05,2.2,4.07649E-05
0.608,-1.21106E-05,2.2,4.08672E-05
0.609,-1.2112E-05,2.2,4.07874E-05
0.61,-1.211E-05,2.2,4.07901E-05
0.611,-1.21095E-05,2.2,4.07756E-05
0.612,-1.21075E-05,2.2,4.08395E-05
0.613,-1.21093E-05,2.2,4.09418E-05
0.614,-1.21102E-05,2.2,4.09991E-05
0.615,-1.21095E-05,2.2,4.07785E-05
0.616,-1.21096E-05,2.2,4.07694E-05
0.617,-1.2109E-05,2.2,4.08087E-05
0.618,-1.21103E-05,2.2,4.09149E-05
0.619,-1.21093E-05,2.2,4.08088E-05
0.62,-1.21107E-05,2.2,0.000040778
0.621,-1.21083E-05,2.2,4.07168E-05
0.622,-1.21092E-05,2.2,4.0775E-05
0.623,-1.2118E-05,2.2,4.0777E-05
0.624,-1.21067E-05,2.2,4.07636E-05
0.625,-1.21069E-05,2.2,4.07853E-05
0.626,-1.21106E-05,2.2,4.07299E-05
0.627,-1.21077E-05,2.2,4.08465E-05
0.628,-1.21166E-05,2.2,4.08918E-05
0.629,-1.21124E-05,2.2,4.08514E-05
0.63,-1.21122E-05,2.2,4.0889E-05
0.631,-1.21087E-05,2.2,4.06894E-05
0.632,-1.21118E-05,2.2,4.07494E-05
0.633,-1.21071E-05,2.2,4.06787E-05
0.634,-1.21128E-05,2.2,4.06604E-05
0.635,-1.21115E-05,2.2,4.07193E-05
0.636,-1.21143E-05,2.2,4.08234E-05
0.637,-1.21104E-05,2.2,4.07591E-05
0.638,-1.21068E-05,2.2,4.07887E-05
0.639,-1.21083E-05,2.2,4.0775E-05
0.64,-1.21093E-05,2.2,4.07508E-05
0.641,-1.21062E-05,2.2,4.05847E-05
0.642,-1.21113E-05,2.2,4.07155E-05
0.643,-1.21093E-05,2.2,4.07657E-05
0.644,-1.21063E-05,2.2,4.06662E-05
0.645,-1.21084E-05,2.2,4.07526E-05
0.646,-1.21071E-05,2.2,4.06933E-05
0.647,-1.21073E-05,2.2,4.06819E-05
0.648,-1.21072E-05,2.2,4.05468E-05
0.649,-1.21077E-05,2.2,4.07418E-05
0.65,-1.21086E-05,2.2,4.0897E-05
0.651,-1.21138E-05,2.2,4.08045E-05
0.652,-1.21076E-05,2.2,4.08081E-05
0.653,-1.21087E-05,2.2,4.07083E-05
0.654,-1.21018E-05,2.2,4.07879E-05
0.655,-1.20988E-05,2.2,4.07567E-05
0.656,-1.21017E-05,2.2,4.08804E-05
0.657,-1.21025E-05,2.2,4.07455E-05
0.658,-1.21002E-05,2.2,4.07442E-05
0.659,-1.2102E-05,2.2,4.07467E-05
0.66,-1.21045E-05,2.2,4.08127E-05
0.661,-1.21059E-05,2.2,4.07647E-05
0.662,-1.21038E-05,2.2,4.07544E-05
0.663,-1.2106E-05,2.2,4.07648E-05
0.664,-1.21012E-05,2.2,4.07619E-05
0.665,-1.21164E-05,2.2,4.08216E-05
0.666,-1.21053E-05,2.2,4.07821E-05
0.667,-1.21072E-05,2.2,4.08437E-05
0.668,-1.21094E-05,2.2,4.07479E-05
0.669,-1.21069E-05,2.2,4.07384E-05
0.67,-0.00001211,2.2,4.07433E-05
0.671,-1.21074E-05,2.2,4.06618E-05
0.672,-1.21077E-05,2.2,4.06942E-05
0.673,-1.21084E-05,2.2,4.07471E-05
0.674,-1.21039E-05,2.2,4.07303E-05
0.675,-1.21064E-05,2.2,4.07857E-05
0.676,-1.2106E-05,2.2,4.08223E-05
0.677,-1.21095E-05,2.2,4.08746E-05
0.678,-1.21088E-05,2.2,4.08349E-05
0.679,-1.20995E-05,2.2,4.07111E-05
0.68,-1.21011E-05,2.2,4.06167E-05
0.681,-1.21004E-05,2.2,4.06782E-05
0.682,-1.20992E-05,2.2,0.000040798
0.683,-1.20976E-05,2.2,4.07334E-05
0.684,-1.21024E-05,2.2,4.08044E-05
0.685,-1.20987E-05,2.2,4.08408E-05
0.686,-1.2102E-05,2.2,4.08508E-05
0.687,-1.20975E-05,2.2,4.07329E-05
0.688,-1.20981E-05,2.2,4.08118E-05
0.689,-1.21021E-05,2.2,4.07635E-05
0.69,-1.21005E-05,2.2,4.07265E-05
0.691,-1.20974E-05,2.2,4.07306E-05
0.692,-1.20987E-05,2.2,4.078E-05
0.693,-1.20978E-05,2.2,4.07003E-05
0.694,-1.21043E-05,2.2,4.07441E-05
0.695,-1.21011E-05,2.2,0.000040751
0.696,-1.20997E-05,2.2,4.06141E-05
0.697,-1.20981E-05,2.2,4.06459E-05
0.698,-1.20967E-05,2.2,4.07261E-05
0.699,-1.21049E-05,2.2,4.07363E-05
0.7,-1.21059E-05,2.2,4.07419E-05
0.701,-1.21038E-05,2.2,4.07996E-05
0.702,-1.21062E-05,2.2,4.07166E-05
0.703,-1.2107E-05,2.2,4.072E-05
0.704,-1.21088E-05,2.2,4.06597E-05
0.705,-1.21057E-05,2.2,4.06683E-05
0.706,-1.21087E-05,2.2,4.06894E-05
0.707,-1.21125E-05,2.2,4.0806E-05
0.708,-1.21039E-05,2.2,4.07314E-05
0.709,-1.21093E-05,2.2,4.06944E-05
0.71,-1.21059E-05,2.2,4.07383E-05
0.711,-1.21044E-05,2.2,4.07919E-05
0.712,-1.2105E-05,2.2,4.07837E-05
0.713,-1.21055E-05,2.2,4.07715E-05
0.714,-1.21115E-05,2.2,4.07618E-05
0.715,-1.21158E-05,2.2,4.09369E-05
0.716,-1.21074E-05,2.2,4.08903E-05
0.717,-1.21086E-05,2.2,4.08054E-05
0.718,-1.21122E-05,2.2,4.08054E-05
0.719,-1.2113E-05,2.2,4.08623E-05
0.72,-1.21119E-05,2.2,4.08557E-05
0.721,-1.21093E-05,2.2,4.0774E-05
0.722,-1.21031E-05,2.2,4.07984E-05
0.723,-1.21034E-05,2.2,0.000040727
0.724,-1.21045E-05,2.2,4.07687E-05
0.725,-1.20986E-05,2.2,4.0836E-05
0.726,-1.21013E-05,2.2,4.07515E-05
0.727,-1.20989E-05,2.2,4.07293E-05
0.728,-1.21008E-05,2.2,4.06102E-05
0.729,-1.20977E-05,2.2,4.07199E-05
0.73,-1.21051E-05,2.2,4.07829E-05
0.731,-1.21033E-05,2.2,4.06697E-05
0.732,-1.20976E-05,2.2,4.06366E-05
0.733,-1.20997E-05,2.2,4.06887E-05
0.734,-1.20998E-05,2.2,4.07839E-05
0.735,-1.21021E-05,2.2,4.07644E-05
0.736,-1.2099E-05,2.2,4.07321E-05
0.737,-1.20996E-05,2.2,4.08485E-05
0.738,-1.20984E-05,2.2,4.07982E-05
0.739,-1.2101E-05,2.2,4.07287E-05
0.74,-1.20995E-05,2.2,4.07357E-05
0.741,-1.20966E-05,2.2,4.07036E-05
0.742,-1.20981E-05,2.2,4.07359E-05
0.743,-1.2098E-05,2.2,4.07361E-05
0.744,-1.21031E-05,2.2,4.07173E-05
0.745,-1.20989E-05,2.2,4.0719E-05
0.746,-1.20968E-05,2.2,4.08035E-05
0.747,-1.20994E-05,2.2,4.07734E-05
0.748,-1.2104E-05,2.2,4.07625E-05
0.749,-1.20982E-05,2.2,4.07852E-05
0.75,-1.20984E-05,2.2,4.0785E-05
0.751,-1.20984E-05,2.2,4.07757E-05
0.752,-1.21038E-05,2.2,4.07155E-05
0.753,-1.21036E-05,2.2,4.07173E-05
0.754,-1.20975E-05,2.2,4.06891E-05
0.755,-1.20991E-05,2.2,4.08068E-05
0.756,-1.20955E-05,2.2,4.06855E-05
0.757,-1.20962E-05,2.2,4.07678E-05
0.758,-1.21024E-05,2.2,4.08731E-05
0.759,-1.20991E-05,2.2,4.08765E-05
0.76,-1.21006E-05,2.2,4.08104E-05
0.761,-1.21012E-05,2.2,4.07596E-05
0.762,-1.20989E-05,2.2,4.07605E-05
0.763,-1.20984E-05,2.2,4.08202E-05
0.764,-1.20987E-05,2.2,4.07217E-05
0.765,-1.20991E-05,2.2,4.07558E-05
0.766,-1.20995E-05,2.2,4.07564E-05
0.767,-1.21041E-05,2.2,4.0714E-05
0.768,-1.21048E-05,2.2,4.07006E-05
0.769,-1.21072E-05,2.2,4.09039E-05
0.77,-1.21082E-05,2.2,4.08204E-05
0.771,-1.21051E-05,2.2,4.07471E-05
0.772,-1.20981E-05,2.2,4.07412E-05
0.773,-1.20985E-05,2.2,4.07035E-05
0.774,-1.20985E-05,2.2,4.07182E-05
0.775,-1.20997E-05,2.2,4.06841E-05
0.776,-1.20963E-05,2.2,4.06345E-05
0.777,-1.2098E-05,2.2,4.07258E-05
0.778,-1.20983E-05,2.2,4.07082E-05
0.779,-1.20963E-05,2.2,4.06908E-05
0.78,-1.2098E-05,2.2,4.06996E-05
0.781,-1.20973E-05,2.2,4.07116E-05
0.782,-1.20964E-05,2.2,4.06923E-05
0.783,-1.2105E-05,2.2,4.0724E-05
0.784,-1.20996E-05,2.2,4.0709E-05
0.785,-1.20997E-05,2.2,4.07106E-05
0.786,-1.20997E-05,2.2,4.07588E-05
0.787,-1.20979E-05,2.2,4.07482E-05
0.788,-1.20962E-05,2.2,4.06715E-05
0.789,-1.21E-05,2.2,4.06744E-05
0.79,-1.20947E-05,2.2,4.07203E-05
0.791,-1.21E-05,2.2,4.07379E-05
0.792,-1.20969E-05,2.2,4.0732E-05
0.793,-1.20958E-05,2.2,4.0708E-05
0.794,-1.20957E-05,2.2,4.07924E-05
0.795,-1.20968E-05,2.2,4.08515E-05
0.796,-1.20966E-05,2.2,4.07353E-05
0.797,-1.20974E-05,2.2,4.06825E-05
0.798,-1.2094E-05,2.2,4.06553E-05
0.799,-1.2097E-05,2.2,4.06326E-05
0.8,-1.20965E-05,2.2,4.06776E-05
0.801,-1.20998E-05,2.2,4.06561E-05
0.802,-0.000012095,2.2,4.07884E-05
0.803,-1.20928E-05,2.2,4.06574E-05
0.804,-1.20971E-05,2.2,4.0781E-05
0.805,-1.20952E-05,2.2,4.07984E-05
0.806,-1.20944E-05,2.2,4.07903E-05
0.807,-1.21E-05,2.2,4.08207E-05
0.808,-1.20954E-05,2.2,4.07141E-05
0.809,-1.2097E-05,2.2,4.07049E-05
0.81,-1.20933E-05,2.2,4.07363E-05
0.811,-1.20955E-05,2.2,4.06967E-05
0.812,-1.2098E-05,2.2,4.06999E-05
0.813,-1.21026E-05,2.2,4.06816E-05
0.814,-1.21064E-05,2.2,4.06627E-05
0.815,-1.21094E-05,2.2,4.07603E-05
0.816,-1.21061E-05,2.2,4.0741E-05
0.817,-1.20973E-05,2.2,4.08454E-05
0.818,-1.20979E-05,2.2,4.0838E-05
0.819,-1.20986E-05,2.2,4.07398E-05
0.82,-1.20936E-05,2.2,4.07548E-05
0.821,-1.20975E-05,2.2,4.07829E-05
0.822,-1.20968E-05,2.2,4.07827E-05
0.823,-1.20951E-05,2.2,4.08376E-05
0.824,-1.20948E-05,2.2,4.07227E-05
0.825,-1.20965E-05,2.2,4.08905E-05
0.826,-1.2093E-05,2.2,4.08756E-05
0.827,-1.21E-05,2.2,4.07566E-05
0.828,-1.20947E-05,2.2,4.08863E-05
0.829,-1.20939E-05,2.2,4.0756E-05
0.83,-1.20919E-05,2.2,4.07804E-05
0.831,-1.20927E-05,2.2,4.07949E-05
0.832,-1.20967E-05,2.2,4.08149E-05
0.833,-1.20905E-05,2.2,4.08384E-05
0.834,-1.20927E-05,2.2,4.07665E-05
0.835,-1.20964E-05,2.2,4.09208E-05
0.836,-1.20952E-05,2.2,4.07873E-05
0.837,-1.20925E-05,2.2,4.06797E-05
0.838,-1.20947E-05,2.2,4.06066E-05
0.839,-1.20982E-05,2.2,4.07139E-05
0.84,-1.21013E-05,2.2,4.07551E-05
0.841,-1.2094E-05,2.2,4.0619E-05
0.842,-1.20961E-05,2.2,4.0656E-05
0.843,-1.20929E-05,2.2,4.06351E-05
0.844,-1.20907E-05,2.2,4.07462E-05
0.845,-1.20955E-05,2.2,4.07015E-05
0.846,-1.20947E-05,2.2,4.07116E-05
0.847,-1.2099E-05,2.2,4.07892E-05
0.848,-1.2097E-05,2.2,4.07733E-05
0.849,-1.20911E-05,2.2,4.06733E-05
0.85,-1.20927E-05,2.2,4.06166E-05
0.851,-1.20979E-05,2.2,4.08719E-05
0.852,-1.20961E-05,2.2,4.08207E-05
0.853,-1.20966E-05,2.2,4.08182E-05
0.854,-1.20968E-05,2.2,4.08789E-05
0.855,-1.20951E-05,2.2,4.08049E-05
0.856,-1.20952E-05,2.2,4.08372E-05
0.857,-1.20896E-05,2.2,4.07165E-05
0.858,-1.20904E-05,2.2,4.06781E-05
0.859,-1.20923E-05,2.2,4.07721E-05
0.86,-1.20934E-05,2.2,4.06778E-05
0.861,-1.20945E-05,2.2,4.07712E-05
0.862,-1.20975E-05,2.2,4.06637E-05
0.863,-1.20962E-05,2.2,4.06576E-05
0.864,-1.20922E-05,2.2,4.06923E-05
0.865,-1.20925E-05,2.2,4.07262E-05
0.866,-1.20935E-05,2.2,4.07443E-05
0.867,-1.20909E-05,2.2,4.0679E-05
0.868,-1.20919E-05,2.2,4.0584E-05
0.869,-1.20923E-05,2.2,4.07874E-05
0.87,-1.20912E-05,2.2,4.079E-05
0.871,-1.20939E-05,2.2,4.08103E-05
0.872,-1.20886E-05,2.2,4.07311E-05
0.873,-1.20934E-05,2.2,4.07088E-05
0.874,-1.20985E-05,2.2,4.06979E-05
0.875,-1.20961E-05,2.2,4.06336E-05
0.876,-1.20935E-05,2.2,4.06626E-05
0.877,-1.209E-05,2.2,4.07387E-05
0.878,-1.20931E-05,2.2,4.0705E-05
0.879,-1.20966E-05,2.2,4.07175E-05
0.88,-1.20927E-05,2.2,4.08314E-05
0.881,-1.20926E-05,2.2,0.0000407
0.882,-1.20925E-05,2.2,4.07585E-05
0.883,-1.20923E-05,2.2,4.08439E-05
0.884,-1.20971E-05,2.2,4.07039E-05
0.885,-1.21E-05,2.2,4.06613E-05
0.886,-1.20983E-05,2.2,4.06048E-05
0.887,-1.20948E-05,2.2,4.07062E-05
0.888,-1.20943E-05,2.2,4.07658E-05
0.889,-1.20984E-05,2.2,4.08213E-05
0.89,-1.2096E-05,2.2,4.07434E-05
0.891,-1.20974E-05,2.2,4.07566E-05
0.892,-1.20969E-05,2.2,4.0721E-05
0.893,-1.2097E-05,2.2,4.07604E-05
0.894,-1.21001E-05,2.2,4.07524E-05
0.895,-1.20945E-05,2.2,4.06818E-05
0.896,-1.20951E-05,2.2,4.07459E-05
0.897,-1.2095E-05,2.2,4.06599E-05
0.898,-1.20956E-05,2.2,4.07173E-05
0.899,-1.20951E-05,2.2,4.06818E-05
0.9,-1.20995E-05,2.2,4.07126E-05
0.901,-1.20968E-05,2.2,4.07157E-05
0.902,-1.20997E-05,2.2,4.07343E-05
0.903,-1.20967E-05,2.2,4.0695E-05
0.904,-1.20987E-05,2.2,4.07537E-05
0.905,-1.20953E-05,2.2,4.07169E-05
0.906,-1.20998E-05,2.2,4.07406E-05
0.907,-1.20999E-05,2.2,4.07585E-05
0.908,-1.20954E-05,2.2,4.07937E-05
0.909,-1.2095E-05,2.2,4.07916E-05
0.91,-1.20973E-05,2.2,4.08378E-05
0.911,-1.20993E-05,2.2,4.07849E-05
0.912,-1.21008E-05,2.2,4.07402E-05
0.913,-1.21003E-05,2.2,4.0797E-05
0.914,-1.20998E-05,2.2,4.08544E-05
0.915,-1.20998E-05,2.2,4.0816E-05
0.916,-1.21004E-05,2.2,4.08873E-05
0.917,-1.21015E-05,2.2,4.08949E-05
0.918,-1.21006E-05,2.2,4.0897E-05
0.919,-1.20998E-05,2.2,4.07856E-05
0.92,-1.21008E-05,2.2,4.06527E-05
0.921,-1.20998E-05,2.2,4.07022E-05
0.922,-1.21014E-05,2.2,4.07731E-05
0.923,-1.21036E-05,2.2,4.0771E-05
0.924,-1.20992E-05,2.2,4.07524E-05
0.925,-1.21018E-05,2.2,4.07074E-05
0.926,-1.20989E-05,2.2,4.07311E-05
0.927,-1.21009E-05,2.2,4.07531E-05
0.928,-1.21019E-05,2.2,4.08486E-05
0.929,-1.21013E-05,2.2,4.08866E-05
0.93,-1.21036E-05,2.2,4.09159E-05
0.931,-1.20983E-05,2.2,4.08074E-05
0.932,-1.20975E-05,2.2,4.07387E-05
0.933,-1.20949E-05,2.2,4.07712E-05
0.934,-1.20962E-05,2.2,4.07317E-05
0.935,-1.20947E-05,2.2,4.0893E-05
0.936,-1.20975E-05,2.2,4.08329E-05
0.937,-1.21057E-05,2.2,4.0869E-05
0.938,-1.20958E-05,2.2,4.0834E-05
0.939,-1.20971E-05,2.2,4.07271E-05
0.94,-1.20978E-05,2.2,4.07403E-05
0.941,-1.20944E-05,2.2,4.08876E-05
0.942,-1.2096E-05,2.2,4.08008E-05
0.943,-1.21E-05,2.2,4.07598E-05
0.944,-1.20967E-05,2.2,4.07705E-05
0.945,-1.20958E-05,2.2,4.07785E-05
0.946,-1.20955E-05,2.2,4.07226E-05
0.947,-1.20938E-05,2.2,4.06601E-05
0.948,-1.20918E-05,2.2,4.07709E-05
0.949,-1.20965E-05,2.2,4.09315E-05
0.95,-1.20939E-05,2.2,4.08154E-05
0.951,-1.20932E-05,2.2,4.07681E-05
0.952,-1.20941E-05,2.2,4.07567E-05
0.953,-1.20984E-05,2.2,4.07911E-05
0.954,-1.20944E-05,2.2,4.0632E-05
0.955,-1.20976E-05,2.2,4.06807E-05
0.956,-1.20987E-05,2.2,4.05459E-05
0.957,-1.21011E-05,2.2,4.06622E-05
0.958,-1.20991E-05,2.2,4.05936E-05
0.959,-1.21054E-05,2.2,4.06734E-05
0.96,-1.21052E-05,2.2,4.06693E-05
0.961,-1.21007E-05,2.2,4.0593E-05
0.962,-1.21036E-05,2.2,4.06124E-05
0.963,-1.21038E-05,2.2,4.08126E-05
0.964,-1.21012E-05,2.2,4.0846E-05
0.965,-1.21012E-05,2.2,4.08122E-05
0.966,-1.21017E-05,2.2,4.06899E-05
0.967,-1.21075E-05,2.2,4.06321E-05
0.968,-1.21001E-05,2.2,4.07264E-05
0.969,-1.20992E-05,2.2,4.07865E-05
0.97,-1.20994E-05,2.2,4.07391E-05
0.971,-1.20981E-05,2.2,4.07082E-05
0.972,-1.20917E-05,2.2,4.07725E-05
0.973,-1.20904E-05,2.2,4.05891E-05
0.974,-1.20931E-05,2.2,4.06387E-05
0.975,-1.20946E-05,2.2,4.06723E-05
0.976,-1.20973E-05,2.2,4.06949E-05
0.977,-1.20984E-05,2.2,4.07595E-05
0.978,-1.21022E-05,2.2,4.0779E-05
0.979,-1.21015E-05,2.2,4.07725E-05
0.98,-1.21016E-05,2.2,4.07554E-05
0.981,-1.21105E-05,2.2,4.0825E-05
0.982,-1.21128E-05,2.2,4.08273E-05
0.983,-1.21057E-05,2.2,4.08819E-05
0.984,-1.21034E-05,2.2,4.08762E-05
0.985,-1.21018E-05,2.2,4.08778E-05
0.986,-1.21022E-05,2.2,4.08402E-05
0.987,-1.21015E-05,2.2,4.08429E-05
0.988,-1.21029E-05,2.2,4.08098E-05
0.989,-1.21007E-05,2.2,4.08142E-05
0.99,-1.21018E-05,2.2,4.08345E-05
0.991,-1.21052E-05,2.2,4.0913E-05
0.992,-1.20991E-05,2.2,4.08051E-05
0.993,-1.21031E-05,2.2,4.07337E-05
0.994,-1.21016E-05,2.2,4.07158E-05
0.995,-1.20973E-05,2.2,4.07304E-05
0.996,-0.000012098,2.2,4.06301E-05
0.997,-1.20949E-05,2.2,4.07276E-05
0.998,-1.20978E-05,2.2,4.07561E-05
0.999,-1.21063E-05,2.2,4.07629E-05
1,-1.21036E-05,2.2,4.0716E-05
1.001,-1.21045E-05,2.2,4.06739E-05
1.002,-1.20947E-05,2.2,4.07143E-05
1.003,-1.20903E-05,2.2,4.08172E-05
1.004,-1.20909E-05,2.2,4.0749E-05
1.005,-1.20916E-05,2.2,4.0613E-05
1.006,-1.20899E-05,2.2,4.05734E-05
1.007,-1.20877E-05,2.2,4.08028E-05
1.008,-1.20893E-05,2.2,4.08745E-05
1.009,-1.20929E-05,2.2,4.08634E-05
1.01,-1.20893E-05,2.2,4.07469E-05
1.011,-1.20914E-05,2.2,4.0685E-05
1.012,-1.20915E-05,2.2,4.06863E-05
1.013,-1.20941E-05,2.2,4.07589E-05
1.014,-1.20909E-05,2.2,4.08255E-05
1.015,-1.20906E-05,2.2,4.07404E-05
1.016,-1.20929E-05,2.2,4.07077E-05
1.017,-1.20918E-05,2.2,4.07632E-05
1.018,-1.20917E-05,2.2,4.08398E-05
1.019,-1.20998E-05,2.2,4.074E-05
1.02,-1.21008E-05,2.2,4.07553E-05
1.021,-1.21009E-05,2.2,4.08137E-05
1.022,-1.21035E-05,2.2,4.07548E-05
1.023,-1.2091E-05,2.2,4.06301E-05
1.024,-1.20905E-05,2.2,4.06712E-05
1.025,-1.20905E-05,2.2,4.05826E-05
1.026,-1.20943E-05,2.2,4.07751E-05
1.027,-1.20947E-05,2.2,4.06354E-05
1.028,-1.20912E-05,2.2,4.06456E-05
1.029,-1.20961E-05,2.2,4.07495E-05
1.03,-1.20916E-05,2.2,4.08093E-05
1.031,-1.20909E-05,2.2,4.06982E-05
1.032,-1.20951E-05,2.2,4.06924E-05
1.033,-1.20913E-05,2.2,4.0694E-05
1.034,-1.20899E-05,2.2,4.07177E-05
1.035,-1.20893E-05,2.2,4.08032E-05
1.036,-1.209E-05,2.2,4.0794E-05
1.037,-1.20903E-05,2.2,4.07437E-05
1.038,-1.20901E-05,2.2,4.07008E-05
1.039,-1.20955E-05,2.2,4.07042E-05
1.04,-1.20883E-05,2.2,4.08045E-05
1.041,-1.21003E-05,2.2,4.07669E-05
1.042,-1.21025E-05,2.2,4.07347E-05
1.043,-1.20886E-05,2.2,4.07136E-05
1.044,-1.20916E-05,2.2,4.07078E-05
1.045,-1.20927E-05,2.2,4.08239E-05
1.046,-1.2091E-05,2.2,4.0608E-05
1.047,-1.20902E-05,2.2,4.0577E-05
1.048,-1.20877E-05,2.2,4.06432E-05
1.049,-1.20928E-05,2.2,4.08139E-05
1.05,-1.20894E-05,2.2,4.07615E-05
1.051,-1.20931E-05,2.2,4.07641E-05
1.052,-1.20968E-05,2.2,4.09022E-05
1.053,-1.20914E-05,2.2,4.07476E-05
1.054,-1.20876E-05,2.2,4.06352E-05
1.055,-1.20861E-05,2.2,4.06524E-05
1.056,-1.20886E-05,2.2,4.06832E-05
1.057,-1.20893E-05,2.2,4.07362E-05
1.058,-1.20892E-05,2.2,4.0754E-05
1.059,-1.20894E-05,2.2,4.07618E-05
1.06,-1.20904E-05,2.2,4.0714E-05
1.061,-1.20916E-05,2.2,4.07578E-05
1.062,-1.20878E-05,2.2,4.07274E-05
1.063,-1.2086E-05,2.2,4.06957E-05
1.064,-1.20865E-05,2.2,4.06936E-05
1.065,-1.20862E-05,2.2,4.06205E-05
1.066,-1.20843E-05,2.2,4.06569E-05
1.067,-1.20872E-05,2.2,4.08463E-05
1.068,-1.20904E-05,2.2,4.07664E-05
1.069,-1.20951E-05,2.2,4.07553E-05
1.07,-1.20934E-05,2.2,4.08616E-05
1.071,-1.20933E-05,2.2,4.07965E-05
1.072,-1.20891E-05,2.2,4.08013E-05
1.073,-1.21062E-05,2.2,4.08531E-05
1.074,-1.20863E-05,2.2,4.07094E-05
1.075,-1.20861E-05,2.2,4.08146E-05
1.076,-1.20859E-05,2.2,4.07685E-05
1.077,-1.20926E-05,2.2,4.07256E-05
1.078,-1.20919E-05,2.2,4.06193E-05
1.079,-1.20879E-05,2.2,4.06557E-05
1.08,-1.209E-05,2.2,4.07893E-05
1.081,-1.2093E-05,2.2,4.08744E-05
1.082,-1.20843E-05,2.2,4.08049E-05
1.083,-1.20868E-05,2.2,4.08689E-05
1.084,-1.20842E-05,2.2,4.07454E-05
1.085,-1.20847E-05,2.2,4.07059E-05
1.086,-1.20827E-05,2.2,4.07087E-05
1.087,-1.20849E-05,2.2,4.07774E-05
1.088,-1.20867E-05,2.2,4.06815E-05
1.089,-1.20885E-05,2.2,4.07793E-05
1.09,-1.20912E-05,2.2,4.08737E-05
1.091,-1.20852E-05,2.2,4.07215E-05
1.092,-1.20851E-05,2.2,4.0749E-05
1.093,-1.20872E-05,2.2,4.07476E-05
1.094,-1.20868E-05,2.2,4.0732E-05
1.095,-1.20851E-05,2.2,4.06833E-05
1.096,-1.2087E-05,2.2,4.07665E-05
1.097,-1.20838E-05,2.2,4.07704E-05
1.098,-1.20868E-05,2.2,4.0811E-05
1.099,-1.2091E-05,2.2,4.0719E-05
1.1,-1.20895E-05,2.2,4.07168E-05
1.101,-1.20924E-05,2.2,4.08024E-05
1.102,-1.20893E-05,2.2,4.08059E-05
1.103,-1.20827E-05,2.2,4.07083E-05
1.104,-1.20851E-05,2.2,4.07133E-05
1.105,-1.20871E-05,2.2,4.07439E-05
1.106,-1.20815E-05,2.2,4.07121E-05
1.107,-1.20854E-05,2.2,4.06363E-05
1.108,-1.20886E-05,2.2,4.07248E-05
1.109,-1.20852E-05,2.2,4.07115E-05
1.11,-1.20823E-05,2.2,4.06488E-05
1.111,-1.20846E-05,2.2,0.000040661
1.112,-0.000012084,2.2,4.06274E-05
1.113,-1.20835E-05,2.2,4.06998E-05
1.114,-1.20838E-05,2.2,4.07413E-05
1.115,-1.20936E-05,2.2,4.06905E-05
1.116,-1.20932E-05,2.2,4.05954E-05
1.117,-1.20937E-05,2.2,4.06069E-05
1.118,-1.20952E-05,2.2,4.06784E-05
1.119,-1.21017E-05,2.2,4.07788E-05
1.12,-1.2096E-05,2.2,4.07479E-05
1.121,-1.20926E-05,2.2,4.0641E-05
1.122,-1.2091E-05,2.2,4.0665E-05
1.123,-1.2088E-05,2.2,4.07205E-05
1.124,-1.20818E-05,2.2,4.06693E-05
1.125,-1.20823E-05,2.2,4.06214E-05
1.126,-1.20828E-05,2.2,4.07172E-05
1.127,-1.20811E-05,2.2,4.07928E-05
1.128,-1.20946E-05,2.2,4.08065E-05
1.129,-1.20919E-05,2.2,4.07566E-05
1.13,-1.20986E-05,2.2,4.07015E-05
1.131,-1.20798E-05,2.2,4.07729E-05
1.132,-1.2084E-05,2.2,4.07757E-05
1.133,-1.20846E-05,2.2,4.06884E-05
1.134,-1.20852E-05,2.2,4.0583E-05
1.135,-1.20865E-05,2.2,4.06294E-05
1.136,-1.20862E-05,2.2,4.07833E-05
1.137,-1.20842E-05,2.2,4.07474E-05
1.138,-1.20841E-05,2.2,4.08045E-05
1.139,-1.20886E-05,2.2,4.08602E-05
1.14,-1.20855E-05,2.2,4.08898E-05
1.141,-1.20853E-05,2.2,4.08638E-05
1.142,-1.20874E-05,2.2,4.07549E-05
1.143,-1.20836E-05,2.2,4.07487E-05
1.144,-1.20881E-05,2.2,4.07511E-05
1.145,-1.20852E-05,2.2,4.07172E-05
1.146,-1.20876E-05,2.2,4.08029E-05
1.147,-1.20899E-05,2.2,4.07371E-05
1.148,-1.20841E-05,2.2,4.06463E-05
1.149,-1.20874E-05,2.2,4.07095E-05
1.15,-1.20887E-05,2.2,4.07312E-05
1.151,-1.20863E-05,2.2,4.06672E-05
1.152,-1.20883E-05,2.2,4.06556E-05
1.153,-1.20828E-05,2.2,4.05752E-05
1.154,-1.20854E-05,2.2,4.06298E-05
1.155,-1.20856E-05,2.2,4.07809E-05
1.156,-1.20862E-05,2.2,4.08025E-05
1.157,-1.2096E-05,2.2,4.07307E-05
1.158,-1.2093E-05,2.2,4.06799E-05
1.159,-1.20878E-05,2.2,4.07236E-05
1.16,-1.20881E-05,2.2,4.06915E-05
1.161,-1.20844E-05,2.2,4.06715E-05
1.162,-1.20828E-05,2.2,4.07294E-05
1.163,-1.20829E-05,2.2,4.06603E-05
1.164,-1.20833E-05,2.2,4.07926E-05
1.165,-1.20844E-05,2.2,4.08171E-05
1.166,-1.20867E-05,2.2,4.07091E-05
1.167,-1.20875E-05,2.2,4.07294E-05
1.168,-1.20891E-05,2.2,4.07423E-05
1.169,-1.20888E-05,2.2,4.07291E-05
1.17,-1.20856E-05,2.2,4.0589E-05
1.171,-1.20961E-05,2.2,4.06133E-05
1.172,-1.2099E-05,2.2,4.08238E-05
1.173,-1.20935E-05,2.2,4.0832E-05
1.174,-1.20822E-05,2.2,4.08105E-05
1.175,-1.20846E-05,2.2,4.0761E-05
1.176,-1.20837E-05,2.2,4.07532E-05
1.177,-1.20846E-05,2.2,4.08337E-05
1.178,-1.20835E-05,2.2,4.07938E-05
1.179,-1.20831E-05,2.2,4.07747E-05
1.18,-1.20852E-05,2.2,4.06725E-05
1.181,-1.2085E-05,2.2,4.07835E-05
1.182,-1.20949E-05,2.2,4.09656E-05
1.183,-1.20834E-05,2.2,4.07938E-05
1.184,-1.20836E-05,2.2,4.07857E-05
1.185,-1.20846E-05,2.2,4.06853E-05
1.186,-1.20894E-05,2.2,4.07643E-05
1.187,-1.20834E-05,2.2,4.07366E-05
1.188,-1.20802E-05,2.2,4.08555E-05
1.189,-1.20834E-05,2.2,4.08227E-05
1.19,-1.20847E-05,2.2,4.06912E-05
1.191,-1.20929E-05,2.2,4.07649E-05
1.192,-1.20878E-05,2.2,4.07957E-05
1.193,-1.2086E-05,2.2,4.06302E-05
1.194,-1.20818E-05,2.2,4.066E-05
1.195,-1.20795E-05,2.2,4.07231E-05
1.196,-1.20852E-05,2.2,4.08267E-05
1.197,-1.20796E-05,2.2,4.07739E-05
1.198,-1.20792E-05,2.2,4.06466E-05
1.199,-1.20802E-05,2.2,4.06425E-05
1.2,-1.20808E-05,2.2,4.06385E-05
1.201,-1.20821E-05,2.2,4.07666E-05
1.202,-1.20796E-05,2.2,4.06291E-05
1.203,-1.20807E-05,2.2,4.06715E-05
1.204,-1.20804E-05,2.2,4.06611E-05
1.205,-1.2084E-05,2.2,4.07146E-05
1.206,-1.20785E-05,2.2,4.05936E-05
1.207,-1.20783E-05,2.2,4.06429E-05
1.208,-1.20771E-05,2.2,4.05989E-05
1.209,-1.20772E-05,2.2,4.05966E-05
1.21,-1.20782E-05,2.2,4.07133E-05
1.211,-1.208E-05,2.2,4.081E-05
1.212,-1.20818E-05,2.2,4.0732E-05
1.213,-1.20786E-05,2.2,4.07583E-05
1.214,-1.20789E-05,2.2,4.08636E-05
1.215,-1.20776E-05,2.2,4.0822E-05
1.216,-1.20762E-05,2.2,4.07179E-05
1.217,-1.20755E-05,2.2,4.06298E-05
1.218,-1.20749E-05,2.2,4.06371E-05
1.219,-1.20761E-05,2.2,4.07195E-05
1.22,-1.20803E-05,2.2,4.06721E-05
1.221,-1.20783E-05,2.2,4.07042E-05
1.222,-1.20774E-05,2.2,4.05819E-05
1.223,-1.20839E-05,2.2,4.07415E-05
1.224,-1.20802E-05,2.2,4.07356E-05
1.225,-1.20735E-05,2.2,4.08474E-05
1.226,-1.20775E-05,2.2,4.07445E-05
1.227,-1.20756E-05,2.2,4.07154E-05
1.228,-1.20765E-05,2.2,4.07548E-05
1.229,-1.20768E-05,2.2,4.07132E-05
1.23,-1.20792E-05,2.2,4.06511E-05
1.231,-1.20804E-05,2.2,4.07909E-05
1.232,-1.20776E-05,2.2,4.08117E-05
1.233,-1.20772E-05,2.2,4.08307E-05
1.234,-1.20768E-05,2.2,4.0811E-05
1.235,-1.20758E-05,2.2,4.08211E-05
1.236,-1.2076E-05,2.2,4.0701E-05
1.237,-1.20784E-05,2.2,4.06295E-05
1.238,-1.20786E-05,2.2,4.06937E-05
1.239,-1.20786E-05,2.2,4.06666E-05
1.24,-1.20779E-05,2.2,4.07142E-05
1.241,-1.20795E-05,2.2,4.07448E-05
1.242,-1.2079E-05,2.2,4.07515E-05
1.243,-1.20789E-05,2.2,4.08466E-05
1.244,-1.20759E-05,2.2,4.07795E-05
1.245,-1.20792E-05,2.2,4.06791E-05
1.246,-1.20781E-05,2.2,4.0614E-05
1.247,-1.20761E-05,2.2,4.07436E-05
1.248,-1.20784E-05,2.2,4.08077E-05
1.249,-1.20858E-05,2.2,4.08246E-05
1.25,-1.2081E-05,2.2,4.08298E-05
1.251,-1.20766E-05,2.2,4.07022E-05
1.252,-1.2076E-05,2.2,4.07013E-05
1.253,-1.20799E-05,2.2,4.06727E-05
1.254,-1.20784E-05,2.2,4.06434E-05
1.255,-1.20804E-05,2.2,4.07115E-05
1.256,-1.20772E-05,2.2,4.06332E-05
1.257,-1.2076E-05,2.2,4.073E-05
1.258,-1.20777E-05,2.2,4.06219E-05
1.259,-1.20781E-05,2.2,4.06418E-05
1.26,-1.20739E-05,2.2,4.07156E-05
1.261,-1.20775E-05,2.2,4.07085E-05
1.262,-1.20775E-05,2.2,4.05956E-05
1.263,-1.20741E-05,2.2,4.06713E-05
1.264,-0.000012076,2.2,4.06626E-05
1.265,-1.20779E-05,2.2,4.06696E-05
1.266,-1.20738E-05,2.2,4.06454E-05
1.267,-1.20739E-05,2.2,4.07004E-05
1.268,-1.20786E-05,2.2,4.06504E-05
1.269,-1.20743E-05,2.2,4.08363E-05
1.27,-1.20737E-05,2.2,4.07759E-05
1.271,-1.20729E-05,2.2,4.08112E-05
1.272,-1.20759E-05,2.2,4.07281E-05
1.273,-1.2075E-05,2.2,4.07185E-05
1.274,-1.2071E-05,2.2,4.07473E-05
1.275,-1.20726E-05,2.2,4.06904E-05
1.276,-1.20715E-05,2.2,4.07971E-05
1.277,-1.20756E-05,2.2,4.07066E-05
1.278,-1.20732E-05,2.2,4.06654E-05
1.279,-1.20721E-05,2.2,4.06806E-05
1.28,-1.20739E-05,2.2,4.07748E-05
1.281,-1.20732E-05,2.2,4.06182E-05
1.282,-1.20754E-05,2.2,4.07092E-05
1.283,-1.20719E-05,2.2,4.07409E-05
1.284,-1.20719E-05,2.2,4.07266E-05
1.285,-1.20767E-05,2.2,4.07314E-05
1.286,-1.20831E-05,2.2,4.07761E-05
1.287,-1.20885E-05,2.2,4.07475E-05
1.288,-1.20758E-05,2.2,4.07019E-05
1.289,-1.20834E-05,2.2,4.09004E-05
1.29,-1.20789E-05,2.2,4.07321E-05
1.291,-1.20766E-05,2.2,4.07789E-05
1.292,-1.20854E-05,2.2,4.07339E-05
1.293,-1.20753E-05,2.2,4.07145E-05
1.294,-1.20773E-05,2.2,4.08429E-05
1.295,-1.20731E-05,2.2,4.08478E-05
1.296,-1.20708E-05,2.2,4.07962E-05
1.297,-1.20699E-05,2.2,4.08212E-05
1.298,-1.20739E-05,2.2,4.09187E-05
1.299,-1.2071E-05,2.2,4.08886E-05
1.3,-1.20679E-05,2.2,4.07385E-05
1.301,-1.2075E-05,2.2,4.07501E-05
1.302,-1.20684E-05,2.2,4.07648E-05
1.303,-1.20724E-05,2.2,4.07219E-05
1.304,-1.20717E-05,2.2,4.066E-05
1.305,-1.20737E-05,2.2,4.07982E-05
1.306,-1.20699E-05,2.2,4.07238E-05
1.307,-1.20748E-05,2.2,4.07469E-05
1.308,-1.20713E-05,2.2,4.06513E-05
1.309,-1.20725E-05,2.2,4.07824E-05
1.31,-1.20685E-05,2.2,4.0721E-05
1.311,-1.20705E-05,2.2,4.07156E-05
1.312,-1.20688E-05,2.2,4.0651E-05
1.313,-1.20706E-05,2.2,4.06774E-05
1.314,-1.20746E-05,2.2,4.05907E-05
1.315,-1.20732E-05,2.2,4.06655E-05
1.316,-1.20727E-05,2.2,4.07686E-05
1.317,-1.20701E-05,2.2,4.07475E-05
1.318,-1.20699E-05,2.2,4.07542E-05
1.319,-1.20677E-05,2.2,4.07255E-05
1.32,-1.2067E-05,2.2,4.07786E-05
1.321,-1.20689E-05,2.2,4.07921E-05
1.322,-1.20706E-05,2.2,4.07033E-05
1.323,-1.20705E-05,2.2,4.07522E-05
1.324,-1.20676E-05,2.2,4.06457E-05
1.325,-1.20683E-05,2.2,4.06943E-05
1.326,-1.20724E-05,2.2,4.07424E-05
1.327,-1.20752E-05,2.2,4.06861E-05
1.328,-1.20714E-05,2.2,4.06352E-05
1.329,-1.20744E-05,2.2,4.06035E-05
1.33,-1.20738E-05,2.2,4.0746E-05
1.331,-1.20722E-05,2.2,4.07795E-05
1.332,-1.20751E-05,2.2,4.08079E-05
1.333,-1.20744E-05,2.2,4.07078E-05
1.334,-1.20724E-05,2.2,4.07089E-05
1.335,-1.20717E-05,2.2,4.0653E-05
1.336,-1.20727E-05,2.2,4.07039E-05
1.337,-1.20758E-05,2.2,4.06885E-05
1.338,-1.20759E-05,2.2,4.0766E-05
1.339,-1.20766E-05,2.2,4.07906E-05
1.34,-1.20755E-05,2.2,4.07787E-05
1.341,-1.20684E-05,2.2,4.06935E-05
1.342,-1.20704E-05,2.2,4.06698E-05
1.343,-1.20671E-05,2.2,4.07904E-05
1.344,-1.20699E-05,2.2,4.08175E-05
1.345,-1.20716E-05,2.2,4.07851E-05
1.346,-1.20782E-05,2.2,4.06343E-05
1.347,-1.20766E-05,2.2,4.07519E-05
1.348,-1.20723E-05,2.2,4.08335E-05
1.349,-1.20725E-05,2.2,4.07998E-05
1.35,-1.2072E-05,2.2,4.06399E-05
1.351,-1.20644E-05,2.2,4.06487E-05
1.352,-1.20686E-05,2.2,4.06982E-05
1.353,-1.20694E-05,2.2,4.07374E-05
1.354,-1.20701E-05,2.2,4.08886E-05
1.355,-1.20698E-05,2.2,0.000040782
1.356,-1.20676E-05,2.2,4.05733E-05
1.357,-1.20699E-05,2.2,4.05432E-05
1.358,-1.2067E-05,2.2,4.06907E-05
1.359,-1.20715E-05,2.2,4.06428E-05
1.36,-1.20697E-05,2.2,4.08042E-05
1.361,-1.20699E-05,2.2,4.07766E-05
1.362,-1.20676E-05,2.2,4.0704E-05
1.363,-1.20685E-05,2.2,4.07226E-05
1.364,-1.20728E-05,2.2,4.07788E-05
1.365,-1.20665E-05,2.2,4.08177E-05
1.366,-1.2073E-05,2.2,4.08295E-05
1.367,-0.000012069,2.2,4.08913E-05
1.368,-1.208E-05,2.2,4.08007E-05
1.369,-1.20704E-05,2.2,4.07201E-05
1.37,-1.20757E-05,2.2,4.07917E-05
1.371,-1.2069E-05,2.2,4.0709E-05
1.372,-1.20803E-05,2.2,4.08E-05
1.373,-1.20667E-05,2.2,4.06343E-05
1.374,-1.20703E-05,2.2,4.0653E-05
1.375,-1.20691E-05,2.2,4.06322E-05
1.376,-1.2069E-05,2.2,4.06198E-05
1.377,-1.20674E-05,2.2,4.07127E-05
1.378,-1.20697E-05,2.2,4.06094E-05
1.379,-1.20706E-05,2.2,4.06449E-05
1.38,-1.20778E-05,2.2,4.06655E-05
1.381,-1.20732E-05,2.2,4.06851E-05
1.382,-1.207E-05,2.2,4.07174E-05
1.383,-1.20687E-05,2.2,4.07302E-05
1.384,-1.20708E-05,2.2,4.07052E-05
1.385,-1.20741E-05,2.2,4.07272E-05
1.386,-1.2069E-05,2.2,4.07834E-05
1.387,-1.20724E-05,2.2,4.07121E-05
1.388,-1.20689E-05,2.2,4.05886E-05
1.389,-1.20701E-05,2.2,4.07071E-05
1.39,-1.20665E-05,2.2,4.07123E-05
1.391,-1.20656E-05,2.2,4.07034E-05
1.392,-1.20667E-05,2.2,4.05562E-05
1.393,-1.20666E-05,2.2,4.05662E-05
1.394,-1.20637E-05,2.2,4.062E-05
1.395,-1.20757E-05,2.2,4.07717E-05
1.396,-1.20791E-05,2.2,4.08182E-05
1.397,-1.20681E-05,2.2,4.09085E-05
1.398,-1.20638E-05,2.2,4.0766E-05
1.399,-1.20758E-05,2.2,4.07641E-05
1.4,-1.20769E-05,2.2,4.07875E-05
1.401,-1.20829E-05,2.2,4.07155E-05
1.402,-1.20812E-05,2.2,4.07327E-05
1.403,-1.20658E-05,2.2,4.0624E-05
1.404,-1.20645E-05,2.2,4.07082E-05
1.405,-1.20659E-05,2.2,4.07287E-05
1.406,-1.20652E-05,2.2,4.07214E-05
1.407,-1.2065E-05,2.2,4.0559E-05
1.408,-1.20683E-05,2.2,4.06747E-05
1.409,-1.20649E-05,2.2,4.06815E-05
1.41,-1.20678E-05,2.2,4.07234E-05
1.411,-1.20672E-05,2.2,4.074E-05
1.412,-1.20664E-05,2.2,4.07518E-05
1.413,-1.2067E-05,2.2,4.08294E-05
1.414,-1.20647E-05,2.2,4.06944E-05
1.415,-1.20639E-05,2.2,4.0601E-05
1.416,-1.20668E-05,2.2,4.06638E-05
1.417,-1.20671E-05,2.2,4.07019E-05
1.418,-1.20663E-05,2.2,4.08313E-05
1.419,-1.20665E-05,2.2,4.07409E-05
1.42,-1.20758E-05,2.2,4.07158E-05
1.421,-1.20611E-05,2.2,4.06771E-05
1.422,-1.20613E-05,2.2,4.06799E-05
1.423,-1.20638E-05,2.2,4.06223E-05
1.424,-1.2069E-05,2.2,4.06465E-05
1.425,-1.20621E-05,2.2,4.06666E-05
1.426,-1.2065E-05,2.2,4.06917E-05
1.427,-1.20647E-05,2.2,4.06988E-05
1.428,-1.20661E-05,2.2,4.07545E-05
1.429,-1.20626E-05,2.2,4.0601E-05
1.43,-1.20655E-05,2.2,4.06238E-05
1.431,-1.20633E-05,2.2,4.07271E-05
1.432,-1.20623E-05,2.2,4.07154E-05
1.433,-1.20643E-05,2.2,4.07486E-05
1.434,-1.2064E-05,2.2,4.08201E-05
1.435,-1.20683E-05,2.2,4.08958E-05
1.436,-1.20652E-05,2.2,4.08007E-05
1.437,-1.20644E-05,2.2,4.07738E-05
1.438,-1.20656E-05,2.2,4.07402E-05
1.439,-1.20752E-05,2.2,4.07585E-05
1.44,-1.20634E-05,2.2,4.07651E-05
1.441,-1.20643E-05,2.2,0.00004074
1.442,-1.20631E-05,2.2,4.06722E-05
1.443,-1.20709E-05,2.2,4.06903E-05
1.444,-1.2075E-05,2.2,4.07549E-05
1.445,-1.20726E-05,2.2,4.08198E-05
1.446,-1.20712E-05,2.2,4.08325E-05
1.447,-1.20735E-05,2.2,4.07848E-05
1.448,-1.20741E-05,2.2,4.07253E-05
1.449,-1.20696E-05,2.2,4.07837E-05
1.45,-1.20755E-05,2.2,4.08098E-05
1.451,-1.20719E-05,2.2,4.08549E-05
1.452,-1.2069E-05,2.2,4.07513E-05
1.453,-1.20676E-05,2.2,4.07944E-05
1.454,-1.20691E-05,2.2,4.0773E-05
1.455,-1.20669E-05,2.2,4.07305E-05
1.456,-1.20712E-05,2.2,4.07449E-05
1.457,-1.20671E-05,2.2,4.07382E-05
1.458,-1.20676E-05,2.2,4.07565E-05
1.459,-1.20671E-05,2.2,4.07344E-05
1.46,-1.20675E-05,2.2,4.07038E-05
1.461,-1.2065E-05,2.2,0.0000407
1.462,-1.20642E-05,2.2,4.07852E-05
1.463,-1.20686E-05,2.2,4.08237E-05
1.464,-1.20652E-05,2.2,4.07687E-05
1.465,-1.20645E-05,2.2,4.07551E-05
1.466,-1.20635E-05,2.2,4.07372E-05
1.467,-1.20645E-05,2.2,4.06067E-05
1.468,-1.20613E-05,2.2,4.06593E-05
1.469,-0.000012065,2.2,4.07608E-05
1.47,-1.20701E-05,2.2,4.06918E-05
1.471,-1.20695E-05,2.2,4.07494E-05
1.472,-1.20673E-05,2.2,4.08039E-05
1.473,-1.2062E-05,2.2,4.07531E-05
1.474,-1.20645E-05,2.2,4.07878E-05
1.475,-1.20641E-05,2.2,4.06942E-05
1.476,-1.20624E-05,2.2,4.05698E-05
1.477,-1.20658E-05,2.2,4.07827E-05
1.478,-1.20599E-05,2.2,4.07733E-05
1.479,-1.20606E-05,2.2,4.07679E-05
1.48,-1.2062E-05,2.2,4.06762E-05
1.481,-1.20599E-05,2.2,4.07067E-05
1.482,-1.20542E-05,2.2,4.06499E-05
1.483,-1.20568E-05,2.2,4.07688E-05
1.484,-1.20681E-05,2.2,4.0634E-05
1.485,-1.20604E-05,2.2,4.06354E-05
1.486,-1.20602E-05,2.2,4.06306E-05
1.487,-1.2054E-05,2.2,4.07596E-05
1.488,-1.20587E-05,2.2,4.07166E-05
1.489,-1.20671E-05,2.2,4.06777E-05
1.49,-1.20665E-05,2.2,4.06354E-05
1.491,-1.2055E-05,2.2,4.06763E-05
1.492,-1.20558E-05,2.2,4.0622E-05
1.493,-1.20564E-05,2.2,4.05323E-05
1.494,-1.20553E-05,2.2,4.06982E-05
1.495,-1.2054E-05,2.2,4.0652E-05
1.496,-1.20527E-05,2.2,4.06452E-05
1.497,-1.20518E-05,2.2,4.07529E-05
1.498,-1.20543E-05,2.2,4.08251E-05
1.499,-1.20496E-05,2.2,4.0716E-05
1.5,-1.20526E-05,2.2,4.08079E-05
1.501,-1.20512E-05,2.2,4.08109E-05
1.502,-1.20505E-05,2.2,4.07502E-05
1.503,-1.20502E-05,2.2,4.06536E-05
1.504,-1.20558E-05,2.2,4.07404E-05
1.505,-1.20515E-05,2.2,4.07235E-05
1.506,-1.20491E-05,2.2,4.07222E-05
1.507,-1.20517E-05,2.2,4.07561E-05
1.508,-1.20467E-05,2.2,4.06377E-05
1.509,-1.20503E-05,2.2,4.06857E-05
1.51,-1.2052E-05,2.2,4.07532E-05
1.511,-1.20486E-05,2.2,4.07995E-05
1.512,-1.20524E-05,2.2,4.07323E-05
1.513,-1.20571E-05,2.2,4.06477E-05
1.514,-1.20533E-05,2.2,4.06677E-05
1.515,-1.20506E-05,2.2,4.07457E-05
1.516,-1.20497E-05,2.2,4.06982E-05
1.517,-1.2048E-05,2.2,4.07817E-05
1.518,-1.20472E-05,2.2,4.06726E-05
1.519,-1.20487E-05,2.2,4.08131E-05
1.52,-0.000012048,2.2,4.07009E-05
1.521,-0.000012048,2.2,4.07319E-05
1.522,-1.20609E-05,2.2,4.07782E-05
1.523,-1.20499E-05,2.2,4.08178E-05
1.524,-1.20463E-05,2.2,4.07267E-05
1.525,-1.2048E-05,2.2,4.06916E-05
1.526,-1.20519E-05,2.2,4.06375E-05
1.527,-1.20629E-05,2.2,4.06559E-05
1.528,-1.2059E-05,2.2,4.07609E-05
1.529,-1.20559E-05,2.2,4.09133E-05
1.53,-1.20545E-05,2.2,4.07692E-05
1.531,-1.20539E-05,2.2,4.07267E-05
1.532,-1.20513E-05,2.2,4.06414E-05
1.533,-1.20508E-05,2.2,4.07844E-05
1.534,-1.20499E-05,2.2,4.07777E-05
1.535,-1.20494E-05,2.2,4.06141E-05
1.536,-1.20496E-05,2.2,4.07653E-05
1.537,-1.20484E-05,2.2,4.08104E-05
1.538,-1.20535E-05,2.2,4.09035E-05
1.539,-1.2049E-05,2.2,4.08815E-05
1.54,-1.20475E-05,2.2,4.08526E-05
1.541,-1.20372E-05,2.2,4.0787E-05
1.542,-1.20418E-05,2.2,4.06536E-05
1.543,-1.20411E-05,2.2,4.07204E-05
1.544,-1.20395E-05,2.2,4.06537E-05
1.545,-1.20401E-05,2.2,4.07086E-05
1.546,-1.20401E-05,2.2,4.06442E-05
1.547,-1.20477E-05,2.2,4.05629E-05
1.548,-1.20464E-05,2.2,4.0654E-05
1.549,-1.2044E-05,2.2,4.06407E-05
1.55,-1.20489E-05,2.2,4.05251E-05
1.551,-1.2039E-05,2.2,4.0559E-05
1.552,-1.20425E-05,2.2,4.08328E-05
1.553,-1.2041E-05,2.2,4.07266E-05
1.554,-1.20421E-05,2.2,4.07295E-05
1.555,-1.20384E-05,2.2,4.07315E-05
1.556,-1.20384E-05,2.2,4.06904E-05
1.557,-1.20332E-05,2.2,4.07518E-05
1.558,-1.20328E-05,2.2,4.07158E-05
1.559,-1.20348E-05,2.2,4.0714E-05
1.56,-1.20298E-05,2.2,4.06934E-05
1.561,-1.20314E-05,2.2,4.06857E-05
1.562,-1.20332E-05,2.2,4.05462E-05
1.563,-1.20309E-05,2.2,4.06383E-05
1.564,-1.20299E-05,2.2,4.07163E-05
1.565,-1.20316E-05,2.2,4.07962E-05
1.566,-1.20371E-05,2.2,4.07773E-05
1.567,-1.20375E-05,2.2,4.08053E-05
1.568,-1.20448E-05,2.2,4.06805E-05
1.569,-1.20414E-05,2.2,4.07097E-05
1.57,-1.20397E-05,2.2,4.06686E-05
1.571,-1.20427E-05,2.2,4.07746E-05
1.572,-1.20447E-05,2.2,4.06655E-05
1.573,-1.20325E-05,2.2,4.0553E-05
1.574,-1.20331E-05,2.2,4.06196E-05
1.575,-1.20353E-05,2.2,4.07702E-05
1.576,-1.20311E-05,2.2,4.07538E-05
1.577,-1.20323E-05,2.2,4.07667E-05
1.578,-1.20284E-05,2.2,4.07416E-05
1.579,-1.20312E-05,2.2,4.08259E-05
1.58,-1.20305E-05,2.2,4.07296E-05
1.581,-1.20316E-05,2.2,4.06E-05
1.582,-1.20281E-05,2.2,4.06961E-05
1.583,-1.20254E-05,2.2,4.06782E-05
1.584,-1.20309E-05,2.2,4.07354E-05
1.585,-1.20226E-05,2.2,4.08233E-05
1.586,-1.20214E-05,2.2,4.08013E-05
1.587,-1.20228E-05,2.2,4.06732E-05
1.588,-1.20181E-05,2.2,4.06981E-05
1.589,-1.20206E-05,2.2,4.06347E-05
1.59,-1.20221E-05,2.2,4.05993E-05
1.591,-1.20294E-05,2.2,4.05587E-05
1.592,-1.20159E-05,2.2,4.05012E-05
1.593,-1.20225E-05,2.2,4.06544E-05
1.594,-1.20249E-05,2.2,4.05722E-05
1.595,-1.20201E-05,2.2,4.05829E-05
1.596,-1.2021E-05,2.2,4.05687E-05
1.597,-1.20163E-05,2.2,4.06788E-05
1.598,-1.20216E-05,2.2,4.07603E-05
1.599,-1.20135E-05,2.2,4.07225E-05
1.6,-1.20085E-05,2.2,4.05609E-05
1.601,-0.000012017,2.2,4.06363E-05
1.602,-1.20071E-05,2.2,4.06221E-05
1.603,-1.20091E-05,2.2,4.05433E-05
1.604,-1.20079E-05,2.2,4.055E-05
1.605,-1.20106E-05,2.2,4.06349E-05
1.606,-1.20055E-05,2.2,4.06858E-05
1.607,-1.20035E-05,2.2,4.06915E-05
1.608,-1.20008E-05,2.2,4.06671E-05
1.609,-1.20009E-05,2.2,4.07364E-05
1.61,-1.2002E-05,2.2,4.07432E-05
1.611,-1.19994E-05,2.2,4.07152E-05
1.612,-1.19995E-05,2.2,4.07987E-05
1.613,-1.20015E-05,2.2,4.06807E-05
1.614,-1.20026E-05,2.2,4.06855E-05
1.615,-1.19958E-05,2.2,4.06936E-05
1.616,-1.19927E-05,2.2,4.07062E-05
1.617,-1.19955E-05,2.2,4.07961E-05
1.618,-1.19926E-05,2.2,4.06905E-05
1.619,-1.19904E-05,2.2,4.06391E-05
1.62,-1.19893E-05,2.2,4.06413E-05
1.621,-1.1994E-05,2.2,4.07562E-05
1.622,-1.19838E-05,2.2,4.06767E-05
1.623,-1.19826E-05,2.2,4.05397E-05
1.624,-1.19841E-05,2.2,4.06791E-05
1.625,-1.19845E-05,2.2,4.07024E-05
1.626,-1.19788E-05,2.2,4.08238E-05
1.627,-1.19776E-05,2.2,4.06306E-05
1.628,-1.19757E-05,2.2,4.0582E-05
1.629,-1.19745E-05,2.2,4.06162E-05
1.63,-0.000011978,2.2,4.06889E-05
1.631,-1.19827E-05,2.2,4.07595E-05
1.632,-1.19778E-05,2.2,4.06386E-05
1.633,-1.19678E-05,2.2,4.05938E-05
1.634,-1.1967E-05,2.2,4.06203E-05
1.635,-1.19664E-05,2.2,4.05951E-05
1.636,-1.19641E-05,2.2,4.06856E-05
1.637,-1.19554E-05,2.2,4.06323E-05
1.638,-1.19535E-05,2.2,4.07172E-05
1.639,-1.19548E-05,2.2,4.06196E-05
1.64,-1.19548E-05,2.2,4.06266E-05
1.641,-1.19503E-05,2.2,4.0425E-05
1.642,-1.19489E-05,2.2,4.03905E-05
1.643,-1.19498E-05,2.2,4.04698E-05
1.644,-1.1946E-05,2.2,4.04621E-05
1.645,-1.19486E-05,2.2,4.06736E-05
1.646,-0.000011943,2.2,4.05954E-05
1.647,-1.19426E-05,2.2,4.06336E-05
1.648,-1.19385E-05,2.2,4.06705E-05
1.649,-1.19389E-05,2.2,4.06503E-05
1.65,-1.19339E-05,2.2,4.06827E-05
1.651,-1.19411E-05,2.2,4.06036E-05
1.652,-1.19294E-05,2.2,4.06146E-05
1.653,-1.19289E-05,2.2,4.06485E-05
1.654,-1.19358E-05,2.2,4.05466E-05
1.655,-1.1937E-05,2.2,4.05774E-05
1.656,-1.19346E-05,2.2,4.05864E-05
1.657,-1.19283E-05,2.2,4.06056E-05
1.658,-1.19161E-05,2.2,4.06025E-05
1.659,-1.19167E-05,2.2,4.06534E-05
1.66,-1.19166E-05,2.2,4.06335E-05
1.661,-1.19148E-05,2.2,4.06343E-05
1.662,-1.1916E-05,2.2,4.0714E-05
1.663,-1.19112E-05,2.2,4.05654E-05
1.664,-1.19109E-05,2.2,4.05122E-05
1.665,-1.19068E-05,2.2,4.05084E-05
1.666,-1.19007E-05,2.2,4.05302E-05
1.667,-1.19023E-05,2.2,4.06267E-05
1.668,-1.18974E-05,2.2,4.05874E-05
1.669,-1.18999E-05,2.2,4.0534E-05
1.67,-1.18973E-05,2.2,4.04695E-05
1.671,-1.18917E-05,2.2,4.0433E-05
1.672,-1.18911E-05,2.2,4.0514E-05
1.673,-1.18902E-05,2.2,4.05679E-05
1.674,-1.18862E-05,2.2,4.05559E-05
1.675,-1.18838E-05,2.2,4.04654E-05
1.676,-1.1882E-05,2.2,4.05447E-05
1.677,-1.18777E-05,2.2,4.04704E-05
1.678,-1.18748E-05,2.2,4.03738E-05
1.679,-1.18727E-05,2.2,4.04981E-05
1.68,-1.18743E-05,2.2,4.05292E-05
1.681,-1.18697E-05,2.2,4.06092E-05
1.682,-1.18684E-05,2.2,4.06488E-05
1.683,-1.18656E-05,2.2,4.05836E-05
1.684,-1.18647E-05,2.2,4.05208E-05
1.685,-1.18584E-05,2.2,4.04556E-05
1.686,-1.1855E-05,2.2,4.03895E-05
1.687,-1.18524E-05,2.2,4.04369E-05
1.688,-1.18498E-05,2.2,4.04295E-05
1.689,-1.18505E-05,2.2,4.05592E-05
1.69,-1.18449E-05,2.2,4.05465E-05
1.691,-1.18414E-05,2.2,4.04622E-05
1.692,-1.18404E-05,2.2,4.0348E-05
1.693,-1.18376E-05,2.2,4.05519E-05
1.694,-1.18346E-05,2.2,4.04595E-05
1.695,-1.18318E-05,2.2,4.04419E-05
1.696,-1.18268E-05,2.2,4.04376E-05
1.697,-1.18237E-05,2.2,4.03119E-05
1.698,-1.18232E-05,2.2,4.0407E-05
1.699,-1.18228E-05,2.2,4.04077E-05
1.7,-1.18142E-05,2.2,4.02898E-05
1.701,-1.18107E-05,2.2,4.03777E-05
1.702,-1.18116E-05,2.2,4.047E-05
1.703,-1.18148E-05,2.2,4.05562E-05
1.704,-1.18104E-05,2.2,0.000040456
1.705,-1.18107E-05,2.2,4.04713E-05
1.706,-1.18053E-05,2.2,4.04277E-05
1.707,-1.18044E-05,2.2,4.05322E-05
1.708,-1.17963E-05,2.2,4.05259E-05
1.709,-1.17961E-05,2.2,4.04237E-05
1.71,-1.17961E-05,2.2,4.03966E-05
1.711,-1.17909E-05,2.2,4.04341E-05
1.712,-1.17912E-05,2.2,4.05636E-05
1.713,-1.17852E-05,2.2,4.05472E-05
1.714,-1.17831E-05,2.2,4.053E-05
1.715,-1.17785E-05,2.2,4.04858E-05
1.716,-1.17817E-05,2.2,4.04533E-05
1.717,-1.17785E-05,2.2,4.03881E-05
1.718,-1.17633E-05,2.2,4.03091E-05
1.719,-1.17613E-05,2.2,4.02825E-05
1.72,-1.17677E-05,2.2,4.04547E-05
1.721,-1.17542E-05,2.2,4.02986E-05
1.722,-1.17508E-05,2.2,4.02746E-05
1.723,-1.17478E-05,2.2,4.04008E-05
1.724,-1.17448E-05,2.2,4.03753E-05
1.725,-1.17415E-05,2.2,4.04075E-05
1.726,-1.17361E-05,2.2,4.04555E-05
1.727,-1.17313E-05,2.2,4.0365E-05
1.728,-1.17283E-05,2.2,4.03163E-05
1.729,-1.17234E-05,2.2,4.02158E-05
1.73,-1.17219E-05,2.2,4.03894E-05
1.731,-1.1717E-05,2.2,4.03655E-05
1.732,-1.17148E-05,2.2,4.01938E-05
1.733,-1.17232E-05,2.2,4.01936E-05
1.734,-1.17154E-05,2.2,4.01695E-05
1.735,-1.17033E-05,2.2,4.02811E-05
1.736,-1.17E-05,2.2,4.02042E-05
1.737,-1.16962E-05,2.2,4.02906E-05
1.738,-1.16847E-05,2.2,4.01727E-05
1.739,-1.16834E-05,2.2,4.02163E-05
1.74,-1.16789E-05,2.2,4.02711E-05
1.741,-1.1677E-05,2.2,4.03044E-05
1.742,-1.16699E-05,2.2,4.02079E-05
1.743,-1.16672E-05,2.2,4.0307E-05
1.744,-1.16616E-05,2.2,4.03833E-05
1.745,-1.16592E-05,2.2,4.03329E-05
1.746,-1.16534E-05,2.2,4.02713E-05
1.747,-1.16496E-05,2.2,4.02568E-05
1.748,-1.16462E-05,2.2,4.02872E-05
1.749,-1.16423E-05,2.2,4.02564E-05
1.75,-1.16416E-05,2.2,4.0362E-05
1.751,-1.16347E-05,2.2,4.025E-05
1.752,-1.1631E-05,2.2,4.02554E-05
1.753,-1.16264E-05,2.2,4.02527E-05
1.754,-1.16237E-05,2.2,4.02088E-05
1.755,-1.16196E-05,2.2,4.01986E-05
1.756,-1.16133E-05,2.2,4.01234E-05
1.757,-1.16096E-05,2.2,4.01759E-05
1.758,-1.16039E-05,2.2,4.00921E-05
1.759,-1.16034E-05,2.2,4.01154E-05
1.76,-1.16013E-05,2.2,4.01571E-05
1.761,-1.15897E-05,2.2,4.02059E-05
1.762,-1.15895E-05,2.2,4.03664E-05
1.763,-1.15826E-05,2.2,4.03683E-05
1.764,-1.15791E-05,2.2,4.02401E-05
1.765,-1.15784E-05,2.2,4.02235E-05
1.766,-1.15716E-05,2.2,4.0198E-05
1.767,-1.15659E-05,2.2,4.01516E-05
1.768,-1.15626E-05,2.2,4.01722E-05
1.769,-1.15571E-05,2.2,4.0188E-05
1.77,-1.1552E-05,2.2,4.0167E-05
1.771,-1.1548E-05,2.2,4.01536E-05
1.772,-1.15436E-05,2.2,4.02098E-05
1.773,-1.15448E-05,2.2,4.02234E-05
1.774,-1.15342E-05,2.2,4.01709E-05
1.775,-1.15288E-05,2.2,4.01838E-05
1.776,-1.15288E-05,2.2,4.0142E-05
1.777,-1.1534E-05,2.2,4.02213E-05
1.778,-1.152E-05,2.2,4.01623E-05
1.779,-1.15137E-05,2.2,4.01492E-05
1.78,-1.15139E-05,2.2,4.02089E-05
1.781,-1.15026E-05,2.2,4.0159E-05
1.782,-1.14955E-05,2.2,4.0222E-05
1.783,-1.14944E-05,2.2,4.01662E-05
1.784,-1.14923E-05,2.2,4.00279E-05
1.785,-1.14814E-05,2.2,4.00186E-05
1.786,-1.1475E-05,2.2,4.00853E-05
1.787,-1.14702E-05,2.2,4.0047E-05
1.788,-1.14642E-05,2.2,4.00057E-05
1.789,-1.1464E-05,2.2,4.00671E-05
1.79,-1.14656E-05,2.2,4.01482E-05
1.791,-1.14623E-05,2.2,4.00361E-05
1.792,-1.14571E-05,2.2,4.0057E-05
1.793,-1.14492E-05,2.2,4.01307E-05
1.794,-1.14471E-05,2.2,4.01763E-05
1.795,-1.14403E-05,2.2,4.01882E-05
1.796,-1.14359E-05,2.2,4.01353E-05
1.797,-1.14276E-05,2.2,4.00327E-05
1.798,-1.14249E-05,2.2,3.99087E-05
1.799,-1.1422E-05,2.2,3.99271E-05
1.8,-1.14123E-05,2.2,3.99468E-05
1.801,-1.14032E-05,2.2,3.99619E-05
1.802,-1.13916E-05,2.2,3.99302E-05
1.803,-1.13932E-05,2.2,3.99719E-05
1.804,-1.13843E-05,2.2,4.00068E-05
1.805,-1.13764E-05,2.2,3.99816E-05
1.806,-1.13743E-05,2.2,3.9985E-05
1.807,-1.13741E-05,2.2,3.99719E-05
1.808,-1.13677E-05,2.2,4.00829E-05
1.809,-1.13719E-05,2.2,4.00186E-05
1.81,-1.13731E-05,2.2,3.99755E-05
1.811,-1.13636E-05,2.2,3.99781E-05
1.812,-1.13608E-05,2.2,4.00464E-05
1.813,-1.13559E-05,2.2,4.01692E-05
1.814,-1.13441E-05,2.2,4.00683E-05
1.815,-1.13387E-05,2.2,4.00283E-05
1.816,-1.13201E-05,2.2,3.99801E-05
1.817,-1.13184E-05,2.2,4.00275E-05
1.818,-1.13116E-05,2.2,3.99929E-05
1.819,-1.12989E-05,2.2,4.00104E-05
1.82,-1.12955E-05,2.2,4.00123E-05
1.821,-1.12908E-05,2.2,3.989E-05
1.822,-1.12862E-05,2.2,3.99585E-05
1.823,-1.12807E-05,2.2,3.99913E-05
1.824,-1.12713E-05,2.2,4.00404E-05
1.825,-1.12742E-05,2.2,4.00565E-05
1.826,-1.12655E-05,2.2,4.00122E-05
1.827,-1.12593E-05,2.2,3.98977E-05
1.828,-1.12561E-05,2.2,4.00203E-05
1.829,-1.12502E-05,2.2,3.98768E-05
1.83,-1.12397E-05,2.2,3.98522E-05
1.831,-1.12317E-05,2.2,3.99111E-05
1.832,-1.12292E-05,2.2,3.98086E-05
1.833,-1.12225E-05,2.2,3.9877E-05
1.834,-1.12167E-05,2.2,3.98611E-05
1.835,-1.12035E-05,2.2,3.98933E-05
1.836,-1.12039E-05,2.2,3.99672E-05
1.837,-1.11999E-05,2.2,3.98327E-05
1.838,-1.1194E-05,2.2,3.97655E-05
1.839,-1.11816E-05,2.2,3.96368E-05
1.84,-1.11737E-05,2.2,3.96602E-05
1.841,-1.11683E-05,2.2,3.97349E-05
1.842,-1.11641E-05,2.2,3.9774E-05
1.843,-1.11547E-05,2.2,3.97983E-05
1.844,-1.11521E-05,2.2,3.97051E-05
1.845,-1.11437E-05,2.2,3.97971E-05
1.846,-1.11372E-05,2.2,3.97882E-05
1.847,-1.11398E-05,2.2,3.9813E-05
1.848,-1.11368E-05,2.2,3.98013E-05
1.849,-1.11229E-05,2.2,3.97697E-05
1.85,-1.11205E-05,2.2,3.97747E-05
1.851,-1.11096E-05,2.2,3.96625E-05
1.852,-1.11057E-05,2.2,3.96485E-05
1.853,-1.11017E-05,2.2,3.97658E-05
1.854,-1.1089E-05,2.2,3.96097E-05
1.855,-1.10789E-05,2.2,3.9635E-05
1.856,-1.10747E-05,2.2,3.96714E-05
1.857,-1.10684E-05,2.2,3.96984E-05
1.858,-1.10725E-05,2.2,3.97504E-05
1.859,-1.10644E-05,2.2,3.97732E-05
1.86,-1.10574E-05,2.2,3.97591E-05
1.861,-1.10522E-05,2.2,3.96846E-05
1.862,-1.10429E-05,2.2,3.96019E-05
1.863,-1.10292E-05,2.2,3.95763E-05
1.864,-1.10234E-05,2.2,3.9608E-05
1.865,-1.10134E-05,2.2,3.95382E-05
1.866,-1.10089E-05,2.2,3.94649E-05
1.867,-1.0999E-05,2.2,3.95547E-05
1.868,-1.09962E-05,2.2,3.96082E-05
1.869,-1.09882E-05,2.2,3.95722E-05
1.87,-1.09846E-05,2.2,3.94937E-05
1.871,-1.09777E-05,2.2,3.955E-05
1.872,-1.09707E-05,2.2,3.95307E-05
1.873,-1.09609E-05,2.2,3.94843E-05
1.874,-1.09546E-05,2.2,3.94817E-05
1.875,-1.09464E-05,2.2,3.95778E-05
1.876,-1.09384E-05,2.2,3.96649E-05
1.877,-1.09334E-05,2.2,3.96177E-05
1.878,-1.09333E-05,2.2,3.95104E-05
1.879,-1.093E-05,2.2,3.96598E-05
1.88,-1.09134E-05,2.2,3.96087E-05
1.881,-1.09002E-05,2.2,3.96092E-05
1.882,-1.08958E-05,2.2,3.95427E-05
1.883,-1.08922E-05,2.2,3.95081E-05
1.884,-1.08794E-05,2.2,3.9429E-05
1.885,-1.08724E-05,2.2,3.94587E-05
1.886,-1.08687E-05,2.2,3.95549E-05
1.887,-1.08562E-05,2.2,3.94704E-05
1.888,-1.08564E-05,2.2,3.94191E-05
1.889,-1.08459E-05,2.2,3.94507E-05
1.89,-1.08375E-05,2.2,3.95234E-05
1.891,-1.08279E-05,2.2,3.94387E-05
1.892,-1.08211E-05,2.2,3.93251E-05
1.893,-1.08146E-05,2.2,3.94855E-05
1.894,-1.08076E-05,2.2,3.94823E-05
1.895,-1.07928E-05,2.2,3.94226E-05
1.896,-1.07848E-05,2.2,3.95083E-05
1.897,-1.07779E-05,2.2,3.93316E-05
1.898,-1.07703E-05,2.2,3.92937E-05
1.899,-1.07638E-05,2.2,3.92451E-05
1.9,-1.07572E-05,2.2,3.93956E-05
1.901,-1.07497E-05,2.2,3.9286E-05
1.902,-1.07388E-05,2.2,3.93157E-05
1.903,-1.07395E-05,2.2,3.9345E-05
1.904,-1.07339E-05,2.2,3.94211E-05
1.905,-1.07241E-05,2.2,3.9387E-05
1.906,-1.07154E-05,2.2,3.93059E-05
1.907,-1.07016E-05,2.2,3.92275E-05
1.908,-1.06902E-05,2.2,3.93399E-05
1.909,-1.06859E-05,2.2,3.9302E-05
1.91,-1.06803E-05,2.2,3.93192E-05
1.911,-1.06654E-05,2.2,3.91987E-05
1.912,-1.066E-05,2.2,3.91353E-05
1.913,-1.06493E-05,2.2,3.92767E-05
1.914,-1.06467E-05,2.2,3.94003E-05
1.915,-1.06365E-05,2.2,3.92309E-05
1.916,-1.06291E-05,2.2,3.9286E-05
1.917,-1.0618E-05,2.2,3.92842E-05
1.918,-1.06075E-05,2.2,3.93626E-05
1.919,-1.06001E-05,2.2,3.93136E-05
1.92,-1.05902E-05,2.2,3.90972E-05
1.921,-1.05809E-05,2.2,3.91792E-05
1.922,-1.05763E-05,2.2,3.91843E-05
1.923,-1.05554E-05,2.2,3.91056E-05
1.924,-1.05431E-05,2.2,3.89793E-05
1.925,-1.05374E-05,2.2,3.91312E-05
1.926,-1.0528E-05,2.2,3.90578E-05
1.927,-1.05168E-05,2.2,3.90996E-05
1.928,-1.05136E-05,2.2,3.90336E-05
1.929,-1.05026E-05,2.2,3.91266E-05
1.93,-1.04943E-05,2.2,3.90558E-05
1.931,-1.04881E-05,2.2,3.91862E-05
1.932,-1.04771E-05,2.2,3.92078E-05
1.933,-1.04672E-05,2.2,3.90679E-05
1.934,-1.0454E-05,2.2,3.90672E-05
1.935,-1.04525E-05,2.2,3.91439E-05
1.936,-1.04332E-05,2.2,3.90926E-05
1.937,-1.0423E-05,2.2,3.89881E-05
1.938,-1.04137E-05,2.2,3.90384E-05
1.939,-1.04024E-05,2.2,3.89429E-05
1.94,-1.03972E-05,2.2,3.8866E-05
1.941,-1.03839E-05,2.2,3.89756E-05
1.942,-1.03719E-05,2.2,3.88842E-05
1.943,-1.03634E-05,2.2,3.89195E-05
1.944,-1.03546E-05,2.2,3.89031E-05
1.945,-1.03425E-05,2.2,3.89753E-05
1.946,-1.03291E-05,2.2,3.88485E-05
1.947,-1.03221E-05,2.2,3.88373E-05
1.948,-1.03155E-05,2.2,3.89433E-05
1.949,-1.03023E-05,2.2,3.89601E-05
1.95,-1.02914E-05,2.2,3.90287E-05
1.951,-1.02778E-05,2.2,3.884E-05
1.952,-1.0269E-05,2.2,3.88691E-05
1.953,-1.02593E-05,2.2,3.90068E-05
1.954,-1.02499E-05,2.2,3.89674E-05
1.955,-1.0236E-05,2.2,3.89423E-05
1.956,-1.02219E-05,2.2,3.87828E-05
1.957,-1.02104E-05,2.2,3.88418E-05
1.958,-1.01995E-05,2.2,3.88704E-05
1.959,-1.0191E-05,2.2,3.88163E-05
1.96,-1.01775E-05,2.2,3.88596E-05
1.961,-1.01626E-05,2.2,3.88316E-05
1.962,-1.01549E-05,2.2,3.88255E-05
1.963,-1.01469E-05,2.2,3.88842E-05
1.964,-1.01326E-05,2.2,3.87432E-05
1.965,-1.01192E-05,2.2,3.87447E-05
1.966,-1.01113E-05,2.2,3.8786E-05
1.967,-1.00877E-05,2.2,3.87568E-05
1.968,-1.00768E-05,2.2,3.87116E-05
1.969,-1.00694E-05,2.2,3.86256E-05
1.97,-1.00574E-05,2.2,3.86433E-05
1.971,-1.00428E-05,2.2,3.86768E-05
1.972,-1.00306E-05,2.2,3.86735E-05
1.973,-1.0014E-05,2.2,3.86853E-05
1.974,-9.99923E-06,2.2,3.87224E-05
1.975,-9.99508E-06,2.2,3.87314E-05
1.976,-9.97867E-06,2.2,3.87492E-05
1.977,-9.96442E-06,2.2,0.00003876
1.978,-9.94698E-06,2.2,3.86721E-05
1.979,-9.93593E-06,2.2,3.85861E-05
1.98,-9.91856E-06,2.2,3.8535E-05
1.981,-9.90402E-06,2.2,3.86345E-05
1.982,-9.88957E-06,2.2,3.85953E-05
1.983,-9.87388E-06,2.2,3.84787E-05
1.984,-9.857E-06,2.2,3.83802E-05
1.985,-9.844E-06,2.2,3.83739E-05
1.986,-9.82894E-06,2.2,3.85076E-05
1.987,-9.81031E-06,2.2,3.84896E-05
1.988,-9.80296E-06,2.2,3.84481E-05
1.989,-9.78706E-06,2.2,3.85098E-05
1.99,-9.77569E-06,2.2,3.85582E-05
1.991,-9.75669E-06,2.2,3.84623E-05
1.992,-9.74397E-06,2.2,3.84121E-05
1.993,-9.723E-06,2.2,3.83507E-05
1.994,-9.7142E-06,2.2,3.83077E-05
1.995,-9.69702E-06,2.2,3.82318E-05
1.996,-9.68315E-06,2.2,3.81754E-05
1.997,-9.65988E-06,2.2,3.82136E-05
1.998,-9.64378E-06,2.2,3.82213E-05
1.999,-9.63109E-06,2.2,3.81952E-05
2,-9.61323E-06,2.2,3.81869E-05
2.001,-9.59285E-06,2.2,3.81541E-05
2.002,-9.57471E-06,2.2,3.81235E-05
2.003,-9.5577E-06,2.2,3.82078E-05
2.004,-9.54859E-06,2.2,3.82694E-05
2.005,-9.52655E-06,2.2,3.82765E-05
2.006,-9.50423E-06,2.2,3.81206E-05
2.007,-9.48534E-06,2.2,3.81085E-05
2.008,-9.47442E-06,2.2,3.80961E-05
2.009,-9.45408E-06,2.2,3.80082E-05
2.01,-9.43719E-06,2.2,3.80024E-05
2.011,-9.41746E-06,2.2,3.81018E-05
2.012,-9.39664E-06,2.2,3.79997E-05
2.013,-9.37977E-06,2.2,3.80305E-05
2.014,-9.35697E-06,2.2,3.8076E-05
2.015,-9.33665E-06,2.2,3.79862E-05
2.016,-9.31891E-06,2.2,0.000038015
2.017,-9.29811E-06,2.2,3.8005E-05
2.018,-9.2796E-06,2.2,3.78791E-05
2.019,-9.25598E-06,2.2,3.79034E-05
2.02,-9.23715E-06,2.2,3.79238E-05
2.021,-9.21344E-06,2.2,3.78545E-05
2.022,-9.18925E-06,2.2,3.78491E-05
2.023,-9.16905E-06,2.2,3.77518E-05
2.024,-9.1468E-06,2.2,3.76865E-05
2.025,-9.12208E-06,2.2,3.7711E-05
2.026,-9.10028E-06,2.2,3.76931E-05
2.027,-9.07639E-06,2.2,3.7674E-05
2.028,-9.06295E-06,2.2,3.77904E-05
2.029,-9.04294E-06,2.2,3.76986E-05
2.03,-9.0212E-06,2.2,3.77199E-05
2.031,-8.99426E-06,2.2,3.76766E-05
2.032,-8.96936E-06,2.2,3.76544E-05
2.033,-8.94435E-06,2.2,3.76312E-05
2.034,-8.92488E-06,2.2,3.75117E-05
2.035,-8.90022E-06,2.2,3.74848E-05
2.036,-8.87591E-06,2.2,3.74816E-05
2.037,-8.84949E-06,2.2,3.74444E-05
2.038,-8.82133E-06,2.2,3.73257E-05
2.039,-8.79642E-06,2.2,3.73811E-05
2.04,-8.77315E-06,2.2,3.74981E-05
2.041,-8.74682E-06,2.2,3.73753E-05
2.042,-8.72059E-06,2.2,3.73952E-05
2.043,-8.69276E-06,2.2,3.72965E-05
2.044,-8.66618E-06,2.2,3.72546E-05
2.045,-8.63723E-06,2.2,3.71801E-05
2.046,-8.6094E-06,2.2,3.72064E-05
2.047,-8.58245E-06,2.2,3.71992E-05
2.048,-8.56526E-06,2.2,3.71453E-05
2.049,-8.53757E-06,2.2,3.70467E-05
2.05,-8.50866E-06,2.2,3.71378E-05
2.051,-8.47921E-06,2.2,3.71564E-05
2.052,-8.4485E-06,2.2,3.70312E-05
2.053,-8.41593E-06,2.2,3.6947E-05
2.054,-8.38756E-06,2.2,3.69979E-05
2.055,-8.35804E-06,2.2,3.68878E-05
2.056,-8.33553E-06,2.2,3.68992E-05
2.057,-8.30429E-06,2.2,3.68418E-05
2.058,-8.27215E-06,2.2,3.69135E-05
2.059,-8.24107E-06,2.2,3.70192E-05
2.06,-8.20456E-06,2.2,3.6816E-05
2.061,-8.16943E-06,2.2,3.66776E-05
2.062,-8.13983E-06,2.2,3.68217E-05
2.063,-8.10584E-06,2.2,3.67878E-05
2.064,-8.07259E-06,2.2,3.68738E-05
2.065,-8.03851E-06,2.2,3.6752E-05
2.066,-8.00472E-06,2.2,3.65461E-05
2.067,-7.97149E-06,2.2,3.66886E-05
2.068,-7.94832E-06,2.2,3.66191E-05
2.069,-7.91242E-06,2.2,3.65311E-05
2.07,-7.88123E-06,2.2,3.65141E-05
2.071,-7.84715E-06,2.2,3.65223E-05
2.072,-7.81138E-06,2.2,3.64519E-05
2.073,-7.77131E-06,2.2,3.64442E-05
2.074,-7.73381E-06,2.2,3.62903E-05
2.075,-7.69919E-06,2.2,3.62738E-05
2.076,-7.66262E-06,2.2,3.63317E-05
2.077,-7.62294E-06,2.2,3.6308E-05
2.078,-7.58588E-06,2.2,3.62436E-05
2.079,-7.5458E-06,2.2,3.61831E-05
2.08,-7.50717E-06,2.2,3.60998E-05
2.081,-7.46749E-06,2.2,3.60548E-05
2.082,-7.42742E-06,2.2,3.61061E-05
2.083,-7.38803E-06,2.2,3.59735E-05
2.084,-7.34568E-06,2.2,3.58934E-05
2.085,-7.30501E-06,2.2,3.59383E-05
2.086,-7.26496E-06,2.2,3.59255E-05
2.087,-7.22168E-06,2.2,3.59717E-05
2.088,-7.19262E-06,2.2,3.57309E-05
2.089,-7.15125E-06,2.2,3.57271E-05
2.09,-7.10908E-06,2.2,3.57446E-05
2.091,-7.0653E-06,2.2,3.57759E-05
2.092,-7.02342E-06,2.2,3.57112E-05
2.093,-6.97755E-06,2.2,3.56196E-05
2.094,-6.93537E-06,2.2,3.55171E-05
2.095,-6.89016E-06,2.2,3.55419E-05
2.096,-6.84283E-06,2.2,3.54795E-05
2.097,-6.79584E-06,2.2,3.54571E-05
2.098,-6.75217E-06,2.2,3.53521E-05
2.099,-6.70559E-06,2.2,3.52858E-05
2.1,-6.65922E-06,2.2,3.52174E-05
2.101,-6.61023E-06,2.2,3.52266E-05
2.102,-6.56191E-06,2.2,3.50899E-05
2.103,-6.51731E-06,2.2,3.5102E-05
2.104,-6.46932E-06,2.2,3.51267E-05
2.105,-6.42255E-06,2.2,3.51181E-05
2.106,-6.37236E-06,2.2,3.50444E-05
2.107,-6.32059E-06,2.2,3.49542E-05
2.108,-6.28581E-06,2.2,3.49377E-05
2.109,-6.23551E-06,2.2,3.48978E-05
2.11,-6.18351E-06,2.2,3.48031E-05
2.111,-6.13504E-06,2.2,3.47092E-05
2.112,-6.08337E-06,2.2,3.46878E-05
2.113,-6.03048E-06,2.2,3.47576E-05
2.114,-5.97826E-06,2.2,3.47375E-05
2.115,-5.92426E-06,2.2,3.46182E-05
2.116,-5.87167E-06,2.2,3.4536E-05
2.117,-5.81771E-06,2.2,3.43882E-05
2.118,-5.76435E-06,2.2,3.44301E-05
2.119,-5.70972E-06,2.2,3.43193E-05
2.12,-5.65353E-06,2.2,3.4199E-05
2.121,-5.59898E-06,2.2,3.42663E-05
2.122,-5.54269E-06,2.2,3.41434E-05
2.123,-5.48642E-06,2.2,3.42029E-05
2.124,-5.43081E-06,2.2,3.40666E-05
2.125,-5.37414E-06,2.2,3.40036E-05
2.126,-5.31469E-06,2.2,3.40259E-05
2.127,-5.26019E-06,2.2,3.39473E-05
2.128,-5.22007E-06,2.2,3.3917E-05
2.129,-5.15957E-06,2.2,3.36809E-05
2.13,-5.10302E-06,2.2,3.36225E-05
2.131,-5.03997E-06,2.2,3.35647E-05
2.132,-4.98233E-06,2.2,3.35407E-05
2.133,-4.92011E-06,2.2,3.35821E-05
2.134,-4.8567E-06,2.2,3.34431E-05
2.135,-4.79639E-06,2.2,3.33919E-05
2.136,-4.7353E-06,2.2,3.33502E-05
2.137,-4.67312E-06,2.2,3.33668E-05
2.138,-4.60975E-06,2.2,3.32398E-05
2.139,-4.54686E-06,2.2,3.31437E-05
2.14,-4.48355E-06,2.2,3.31748E-05
2.141,-4.41705E-06,2.2,3.30546E-05
2.142,-4.3548E-06,2.2,3.29407E-05
2.143,-4.28943E-06,2.2,3.29851E-05
2.144,-4.22326E-06,2.2,3.28531E-05
2.145,-4.1594E-06,2.2,3.28997E-05
2.146,-4.09236E-06,2.2,3.266E-05
2.147,-4.02455E-06,2.2,3.27265E-05
2.148,-3.98027E-06,2.2,3.25915E-05
2.149,-3.91448E-06,2.2,3.25575E-05
2.15,-3.84581E-06,2.2,3.24616E-05
2.151,-3.77981E-06,2.2,3.23959E-05
2.152,-3.70809E-06,2.2,3.23047E-05
2.153,-3.64191E-06,2.2,3.22114E-05
2.154,-3.57273E-06,2.2,3.22241E-05
2.155,-3.50044E-06,2.2,3.22424E-05
2.156,-3.4298E-06,2.2,3.21589E-05
2.157,-3.35944E-06,2.2,3.19708E-05
2.158,-3.28927E-06,2.2,3.19007E-05
2.159,-3.22106E-06,2.2,3.18542E-05
2.16,-3.14565E-06,2.2,3.18186E-05
2.161,-3.07336E-06,2.2,3.16733E-05
2.162,-2.99958E-06,2.2,3.15589E-05
2.163,-2.92828E-06,2.2,3.15598E-05
2.164,-2.85606E-06,2.2,3.1604E-05
2.165,-2.77955E-06,2.2,3.14386E-05
2.166,-2.70564E-06,2.2,3.14196E-05
2.167,-2.63171E-06,2.2,3.12761E-05
2.168,-2.58122E-06,2.2,3.12276E-05
2.169,-2.50461E-06,2.2,3.10868E-05
2.17,-2.43336E-06,2.2,3.10501E-05
2.171,-2.35418E-06,2.2,3.0992E-05
2.172,-2.27759E-06,2.2,3.09959E-05
2.173,-2.19978E-06,2.2,3.08253E-05
2.174,-2.12083E-06,2.2,3.07769E-05
2.175,-2.0422E-06,2.2,3.07066E-05
2.176,-1.9649E-06,2.2,3.04843E-05
2.177,-1.88467E-06,2.2,3.04393E-05
2.178,-1.80792E-06,2.2,3.04216E-05
2.179,-1.72706E-06,2.2,3.02748E-05
2.18,-1.64829E-06,2.2,3.03339E-05
2.181,-1.56858E-06,2.2,3.02386E-05
2.182,-1.48779E-06,2.2,3.01658E-05
2.183,-1.40334E-06,2.2,3.00713E-05
2.184,-1.32301E-06,2.2,2.99749E-05
2.185,-1.24008E-06,2.2,2.98204E-05
2.186,-1.15844E-06,2.2,2.98616E-05
2.187,-1.07317E-06,2.2,2.97611E-05
2.188,-1.01659E-06,2.2,2.97285E-05
2.189,-9.35089E-07,2.2,2.94963E-05
2.19,-8.50726E-07,2.2,2.94196E-05
2.191,-7.67445E-07,2.2,2.94192E-05
2.192,-6.82116E-07,2.2,2.93891E-05
2.193,-5.97299E-07,2.2,2.91789E-05
2.194,-5.10821E-07,2.2,2.90837E-05
2.195,-4.26372E-07,2.2,2.90739E-05
2.196,-3.38861E-07,2.2,2.89903E-05
2.197,-2.52402E-07,2.2,2.89021E-05
2.198,-1.6198E-07,2.2,2.87332E-05
2.199,-7.62571E-08,2.2,2.87785E-05
,,,
